preprocessed_full_path,final_authoritative_label,class_index,pred_label_idx,pred_label_name,prob_NV,prob_MEL,prob_BCC,correct,max_prob
C:\SKIN CANCER v2\final DS\images\NV\ISIC_0000237.jpg,NV,0,1,MEL,0.092883915,0.90704733,6.8741916e-05,False,0.90704733
C:\SKIN CANCER v2\final DS\images\NV\ISIC_0009896.jpg,NV,0,1,MEL,0.15141758,0.84838563,0.00019684005,False,0.84838563
C:\SKIN CANCER v2\final DS\images\NV\ISIC_0010044.jpg,NV,0,1,MEL,0.044650763,0.95534027,8.988522e-06,False,0.95534027
C:\SKIN CANCER v2\final DS\images\NV\ISIC_0010102.jpg,NV,0,1,MEL,0.16437139,0.81233263,0.023296025,False,0.81233263
C:\SKIN CANCER v2\final DS\images\NV\ISIC_0010228.jpg,NV,0,1,MEL,0.18614508,0.8138546,3.8443028e-07,False,0.8138546
C:\SKIN CANCER v2\final DS\images\NV\ISIC_0010320.jpg,NV,0,1,MEL,0.026126474,0.9736081,0.00026543968,False,0.9736081
C:\SKIN CANCER v2\final DS\images\NV\ISIC_0012206_downsampled.jpg,NV,0,1,MEL,0.026890699,0.97303843,7.0912276e-05,False,0.97303843
C:\SKIN CANCER v2\final DS\images\NV\ISIC_0012487_downsampled.jpg,NV,0,2,BCC,0.013444901,0.00096705096,0.9855881,False,0.9855881
C:\SKIN CANCER v2\final DS\images\NV\ISIC_0013222_downsampled.jpg,NV,0,1,MEL,0.13190858,0.8680883,3.1211753e-06,False,0.8680883
C:\SKIN CANCER v2\final DS\images\NV\ISIC_0013553_downsampled.jpg,NV,0,1,MEL,0.03255603,0.9674434,5.6110576e-07,False,0.9674434
C:\SKIN CANCER v2\final DS\images\NV\ISIC_0014131_downsampled.jpg,NV,0,1,MEL,0.06748729,0.9324166,9.614835e-05,False,0.9324166
C:\SKIN CANCER v2\final DS\images\NV\ISIC_0014516_downsampled.jpg,NV,0,1,MEL,0.16332182,0.8366471,3.106184e-05,False,0.8366471
C:\SKIN CANCER v2\final DS\images\NV\ISIC_0014696_downsampled.jpg,NV,0,1,MEL,0.15024884,0.84961516,0.00013605299,False,0.84961516
C:\SKIN CANCER v2\final DS\images\NV\ISIC_0014724_downsampled.jpg,NV,0,1,MEL,0.11239256,0.8876073,9.076207e-08,False,0.8876073
C:\SKIN CANCER v2\final DS\images\NV\ISIC_0016036_downsampled.jpg,NV,0,1,MEL,0.16625968,0.83358496,0.00015533011,False,0.83358496
C:\SKIN CANCER v2\final DS\images\NV\ISIC_0016068_downsampled.jpg,NV,0,1,MEL,0.14244138,0.85455346,0.0030051407,False,0.85455346
C:\SKIN CANCER v2\final DS\images\NV\ISIC_0016072_downsampled.jpg,NV,0,1,MEL,0.11043847,0.88955265,8.817478e-06,False,0.88955265
C:\SKIN CANCER v2\final DS\images\NV\ISIC_0024608.jpg,NV,0,1,MEL,0.08285081,0.9168584,0.00029079898,False,0.9168584
C:\SKIN CANCER v2\final DS\images\NV\ISIC_0024831.jpg,NV,0,2,BCC,0.15298149,0.020150546,0.826868,False,0.826868
C:\SKIN CANCER v2\final DS\images\NV\ISIC_0024938.jpg,NV,0,1,MEL,0.052739818,0.9467516,0.0005085846,False,0.9467516
C:\SKIN CANCER v2\final DS\images\NV\ISIC_0024963.jpg,NV,0,1,MEL,0.02300685,0.8181973,0.15879583,False,0.8181973
C:\SKIN CANCER v2\final DS\images\NV\ISIC_0025231.jpg,NV,0,1,MEL,0.03020394,0.969277,0.0005189875,False,0.969277
C:\SKIN CANCER v2\final DS\images\NV\ISIC_0025453.jpg,NV,0,1,MEL,0.19007215,0.8098295,9.8395205e-05,False,0.8098295
C:\SKIN CANCER v2\final DS\images\NV\ISIC_0026053.jpg,NV,0,1,MEL,0.18390337,0.81254923,0.0035473567,False,0.81254923
C:\SKIN CANCER v2\final DS\images\NV\ISIC_0026084.jpg,NV,0,1,MEL,0.03866948,0.93188554,0.029445026,False,0.93188554
C:\SKIN CANCER v2\final DS\images\NV\ISIC_0026251.jpg,NV,0,2,BCC,0.065315515,0.0030318324,0.93165255,False,0.93165255
C:\SKIN CANCER v2\final DS\images\NV\ISIC_0026491.jpg,NV,0,1,MEL,0.08452206,0.9153963,8.164079e-05,False,0.9153963
C:\SKIN CANCER v2\final DS\images\NV\ISIC_0026512.jpg,NV,0,1,MEL,0.12086398,0.878065,0.0010710463,False,0.878065
C:\SKIN CANCER v2\final DS\images\NV\ISIC_0026852.jpg,NV,0,1,MEL,0.16207321,0.8377094,0.0002173087,False,0.8377094
C:\SKIN CANCER v2\final DS\images\NV\ISIC_0027152.jpg,NV,0,1,MEL,0.028489318,0.97150236,8.34101e-06,False,0.97150236
C:\SKIN CANCER v2\final DS\images\NV\ISIC_0027235.jpg,NV,0,1,MEL,0.1286605,0.87131405,2.544539e-05,False,0.87131405
C:\SKIN CANCER v2\final DS\images\NV\ISIC_0027240.jpg,NV,0,2,BCC,0.10476343,0.003332446,0.8919041,False,0.8919041
C:\SKIN CANCER v2\final DS\images\NV\ISIC_0028214.jpg,NV,0,1,MEL,0.007155015,0.93470496,0.058140006,False,0.93470496
C:\SKIN CANCER v2\final DS\images\NV\ISIC_0028261.jpg,NV,0,1,MEL,0.062361803,0.93594486,0.0016932981,False,0.93594486
C:\SKIN CANCER v2\final DS\images\NV\ISIC_0028378.jpg,NV,0,1,MEL,0.13341293,0.8665538,3.3297958e-05,False,0.8665538
C:\SKIN CANCER v2\final DS\images\NV\ISIC_0028737.jpg,NV,0,2,BCC,0.04241009,0.0014322564,0.9561576,False,0.9561576
C:\SKIN CANCER v2\final DS\images\NV\ISIC_0029452.jpg,NV,0,1,MEL,0.008229637,0.99177015,2.8501287e-07,False,0.99177015
C:\SKIN CANCER v2\final DS\images\NV\ISIC_0030057.jpg,NV,0,2,BCC,0.058748458,0.00046912982,0.9407824,False,0.9407824
C:\SKIN CANCER v2\final DS\images\NV\ISIC_0030065.jpg,NV,0,1,MEL,0.028702488,0.97090775,0.00038975556,False,0.97090775
C:\SKIN CANCER v2\final DS\images\NV\ISIC_0030093.jpg,NV,0,2,BCC,0.042187735,0.06743667,0.8903755,False,0.8903755
C:\SKIN CANCER v2\final DS\images\NV\ISIC_0030809.jpg,NV,0,1,MEL,0.18252872,0.8102588,0.0072124694,False,0.8102588
C:\SKIN CANCER v2\final DS\images\NV\ISIC_0030841.jpg,NV,0,1,MEL,0.025173746,0.9747697,5.6514524e-05,False,0.9747697
C:\SKIN CANCER v2\final DS\images\NV\ISIC_0031031.jpg,NV,0,1,MEL,0.18747087,0.8096349,0.0028942383,False,0.8096349
C:\SKIN CANCER v2\final DS\images\NV\ISIC_0031411.jpg,NV,0,1,MEL,0.087020956,0.9128515,0.00012757091,False,0.9128515
C:\SKIN CANCER v2\final DS\images\NV\ISIC_0031462.jpg,NV,0,1,MEL,0.13120238,0.86848515,0.0003123922,False,0.86848515
C:\SKIN CANCER v2\final DS\images\NV\ISIC_0032704.jpg,NV,0,1,MEL,0.09656386,0.90339065,4.5553825e-05,False,0.90339065
C:\SKIN CANCER v2\final DS\images\NV\ISIC_0033289.jpg,NV,0,1,MEL,0.0491299,0.95083797,3.216046e-05,False,0.95083797
C:\SKIN CANCER v2\final DS\images\NV\ISIC_0033338.jpg,NV,0,1,MEL,0.17745094,0.8185581,0.003991006,False,0.8185581
C:\SKIN CANCER v2\final DS\images\NV\ISIC_0033764.jpg,NV,0,1,MEL,0.051090986,0.9489031,5.936806e-06,False,0.9489031
C:\SKIN CANCER v2\final DS\images\NV\ISIC_0034090.jpg,NV,0,2,BCC,0.022172866,0.014493573,0.9633335,False,0.9633335
C:\SKIN CANCER v2\final DS\images\NV\ISIC_0053645.jpg,NV,0,1,MEL,0.13356492,0.86602855,0.00040656593,False,0.86602855
C:\SKIN CANCER v2\final DS\images\NV\ISIC_0053948.jpg,NV,0,1,MEL,0.0008449484,0.9991547,3.3820226e-07,False,0.9991547
C:\SKIN CANCER v2\final DS\images\NV\ISIC_0054557.jpg,NV,0,1,MEL,0.009521922,0.9858964,0.004581723,False,0.9858964
C:\SKIN CANCER v2\final DS\images\NV\ISIC_0054758.jpg,NV,0,2,BCC,0.00033258437,1.6874925e-05,0.9996505,False,0.9996505
C:\SKIN CANCER v2\final DS\images\NV\ISIC_0055395.jpg,NV,0,2,BCC,0.09726365,0.005208395,0.897528,False,0.897528
C:\SKIN CANCER v2\final DS\images\NV\ISIC_0055880.jpg,NV,0,1,MEL,0.09411006,0.90588176,8.255641e-06,False,0.90588176
C:\SKIN CANCER v2\final DS\images\NV\ISIC_0056077.jpg,NV,0,2,BCC,0.00936921,5.3503107e-05,0.99057734,False,0.99057734
C:\SKIN CANCER v2\final DS\images\NV\ISIC_0056256.jpg,NV,0,1,MEL,0.064930804,0.93469113,0.0003780884,False,0.93469113
C:\SKIN CANCER v2\final DS\images\NV\ISIC_0056418.jpg,NV,0,1,MEL,0.12781936,0.8718214,0.00035918827,False,0.8718214
C:\SKIN CANCER v2\final DS\images\NV\ISIC_0056512.jpg,NV,0,1,MEL,0.010449991,0.98954993,4.8349964e-08,False,0.98954993
C:\SKIN CANCER v2\final DS\images\NV\ISIC_0056807.jpg,NV,0,1,MEL,0.041400947,0.9585024,9.6653224e-05,False,0.9585024
C:\SKIN CANCER v2\final DS\images\NV\ISIC_0057562.jpg,NV,0,2,BCC,0.033575587,0.0831707,0.88325363,False,0.88325363
C:\SKIN CANCER v2\final DS\images\NV\ISIC_0057651.jpg,NV,0,1,MEL,0.0070525818,0.9909436,0.0020038714,False,0.9909436
C:\SKIN CANCER v2\final DS\images\NV\ISIC_0057873.jpg,NV,0,1,MEL,0.058335837,0.9414155,0.0002486445,False,0.9414155
C:\SKIN CANCER v2\final DS\images\NV\ISIC_0058099.jpg,NV,0,1,MEL,0.08946077,0.8825851,0.027954094,False,0.8825851
C:\SKIN CANCER v2\final DS\images\NV\ISIC_0058191.jpg,NV,0,2,BCC,0.027828343,0.025103455,0.94706815,False,0.94706815
C:\SKIN CANCER v2\final DS\images\NV\ISIC_0058499.jpg,NV,0,1,MEL,0.01966041,0.9802626,7.698286e-05,False,0.9802626
C:\SKIN CANCER v2\final DS\images\NV\ISIC_0058998.jpg,NV,0,2,BCC,0.001023559,8.343295e-06,0.9989681,False,0.9989681
C:\SKIN CANCER v2\final DS\images\NV\ISIC_0059122.jpg,NV,0,2,BCC,0.01038935,0.00010040159,0.9895103,False,0.9895103
C:\SKIN CANCER v2\final DS\images\NV\ISIC_0059533.jpg,NV,0,1,MEL,0.0018400899,0.99812573,3.4126908e-05,False,0.99812573
C:\SKIN CANCER v2\final DS\images\NV\ISIC_0059635.jpg,NV,0,1,MEL,0.12468985,0.8753101,7.178851e-08,False,0.8753101
C:\SKIN CANCER v2\final DS\images\NV\ISIC_0059870.jpg,NV,0,1,MEL,0.034188658,0.9655888,0.00022251013,False,0.9655888
C:\SKIN CANCER v2\final DS\images\NV\ISIC_0060592.jpg,NV,0,1,MEL,0.053207185,0.9430205,0.003772339,False,0.9430205
C:\SKIN CANCER v2\final DS\images\NV\ISIC_0060646.jpg,NV,0,2,BCC,0.11345309,0.010938722,0.87560827,False,0.87560827
C:\SKIN CANCER v2\final DS\images\NV\ISIC_0060730.jpg,NV,0,2,BCC,0.027821025,0.0006198064,0.97155917,False,0.97155917
C:\SKIN CANCER v2\final DS\images\NV\ISIC_0060930.jpg,NV,0,1,MEL,0.035413846,0.96343195,0.0011542086,False,0.96343195
C:\SKIN CANCER v2\final DS\images\NV\ISIC_0061221.jpg,NV,0,2,BCC,0.0016802405,1.8893215e-07,0.99831945,False,0.99831945
C:\SKIN CANCER v2\final DS\images\NV\ISIC_0061398.jpg,NV,0,1,MEL,0.19274606,0.807226,2.796941e-05,False,0.807226
C:\SKIN CANCER v2\final DS\images\NV\ISIC_0061457.jpg,NV,0,1,MEL,0.18498932,0.8148438,0.00016693535,False,0.8148438
C:\SKIN CANCER v2\final DS\images\NV\ISIC_0062142.jpg,NV,0,1,MEL,0.08469423,0.9142305,0.0010753057,False,0.9142305
C:\SKIN CANCER v2\final DS\images\NV\ISIC_0062402.jpg,NV,0,1,MEL,0.0031598473,0.9966593,0.00018093437,False,0.9966593
C:\SKIN CANCER v2\final DS\images\NV\ISIC_0062503.jpg,NV,0,2,BCC,0.002930114,2.5223762e-05,0.99704474,False,0.99704474
C:\SKIN CANCER v2\final DS\images\NV\ISIC_0062635.jpg,NV,0,2,BCC,0.00032242382,0.0006331599,0.9990445,False,0.9990445
C:\SKIN CANCER v2\final DS\images\NV\ISIC_0063420.jpg,NV,0,2,BCC,7.479236e-05,7.4462485e-05,0.99985075,False,0.99985075
C:\SKIN CANCER v2\final DS\images\NV\ISIC_0064306.jpg,NV,0,1,MEL,0.01801209,0.98047316,0.001514705,False,0.98047316
C:\SKIN CANCER v2\final DS\images\NV\ISIC_0064316.jpg,NV,0,1,MEL,0.07125587,0.897962,0.030782204,False,0.897962
C:\SKIN CANCER v2\final DS\images\NV\ISIC_0064365.jpg,NV,0,1,MEL,0.16070217,0.837893,0.0014048369,False,0.837893
C:\SKIN CANCER v2\final DS\images\NV\ISIC_0064485.jpg,NV,0,2,BCC,0.028887609,2.344833e-06,0.97111005,False,0.97111005
C:\SKIN CANCER v2\final DS\images\NV\ISIC_0064488.jpg,NV,0,1,MEL,0.16606112,0.8321137,0.0018252302,False,0.8321137
C:\SKIN CANCER v2\final DS\images\NV\ISIC_0064903.jpg,NV,0,1,MEL,0.16569935,0.8243389,0.009961744,False,0.8243389
C:\SKIN CANCER v2\final DS\images\NV\ISIC_0065486.jpg,NV,0,2,BCC,0.097974,0.0005336804,0.90149236,False,0.90149236
C:\SKIN CANCER v2\final DS\images\NV\ISIC_0066784.jpg,NV,0,1,MEL,0.037866835,0.9617806,0.0003525513,False,0.9617806
C:\SKIN CANCER v2\final DS\images\NV\ISIC_0066919.jpg,NV,0,1,MEL,0.120346345,0.8783793,0.0012744297,False,0.8783793
C:\SKIN CANCER v2\final DS\images\NV\ISIC_0066926.jpg,NV,0,2,BCC,0.014800833,5.16124e-05,0.98514766,False,0.98514766
C:\SKIN CANCER v2\final DS\images\NV\ISIC_0066975.jpg,NV,0,1,MEL,0.11074728,0.8892361,1.6642793e-05,False,0.8892361
C:\SKIN CANCER v2\final DS\images\NV\ISIC_0067067.jpg,NV,0,1,MEL,0.00093893794,0.9985972,0.00046387067,False,0.9985972
C:\SKIN CANCER v2\final DS\images\NV\ISIC_0067226.jpg,NV,0,1,MEL,0.08875607,0.9063519,0.0048920554,False,0.9063519
C:\SKIN CANCER v2\final DS\images\NV\ISIC_0067242.jpg,NV,0,1,MEL,0.017324153,0.97888345,0.0037924435,False,0.97888345
C:\SKIN CANCER v2\final DS\images\NV\ISIC_0067390.jpg,NV,0,2,BCC,0.03615718,0.04635719,0.91748554,False,0.91748554
C:\SKIN CANCER v2\final DS\images\NV\ISIC_0067533.jpg,NV,0,2,BCC,0.0006031202,1.2858823e-05,0.99938405,False,0.99938405
C:\SKIN CANCER v2\final DS\images\NV\ISIC_0068538.jpg,NV,0,1,MEL,0.054560516,0.8943987,0.051040772,False,0.8943987
C:\SKIN CANCER v2\final DS\images\NV\ISIC_0068711.jpg,NV,0,1,MEL,0.039568808,0.96019566,0.0002355208,False,0.96019566
C:\SKIN CANCER v2\final DS\images\NV\ISIC_0068735.jpg,NV,0,1,MEL,0.0028784163,0.9970873,3.4274675e-05,False,0.9970873
C:\SKIN CANCER v2\final DS\images\NV\ISIC_0068741.jpg,NV,0,2,BCC,0.097759485,0.008126583,0.8941139,False,0.8941139
C:\SKIN CANCER v2\final DS\images\NV\ISIC_0068919.jpg,NV,0,1,MEL,0.08774268,0.9122562,1.1488714e-06,False,0.9122562
C:\SKIN CANCER v2\final DS\images\NV\ISIC_0068959.jpg,NV,0,2,BCC,0.0579641,7.1425455e-07,0.94203526,False,0.94203526
C:\SKIN CANCER v2\final DS\images\NV\ISIC_0069351.jpg,NV,0,1,MEL,0.03791635,0.9600467,0.0020369603,False,0.9600467
C:\SKIN CANCER v2\final DS\images\NV\ISIC_0069687.jpg,NV,0,1,MEL,0.058861095,0.92362666,0.017512267,False,0.92362666
C:\SKIN CANCER v2\final DS\images\NV\ISIC_0069842.jpg,NV,0,2,BCC,0.16784431,0.003321932,0.82883376,False,0.82883376
C:\SKIN CANCER v2\final DS\images\NV\ISIC_0069901.jpg,NV,0,1,MEL,0.08473777,0.9080421,0.007220167,False,0.9080421
C:\SKIN CANCER v2\final DS\images\NV\ISIC_0070280.jpg,NV,0,1,MEL,0.013245989,0.98675275,1.2379589e-06,False,0.98675275
C:\SKIN CANCER v2\final DS\images\NV\ISIC_0070577.jpg,NV,0,1,MEL,0.06296242,0.93621194,0.00082558463,False,0.93621194
C:\SKIN CANCER v2\final DS\images\NV\ISIC_0070598.jpg,NV,0,2,BCC,0.19353643,0.005896144,0.80056745,False,0.80056745
C:\SKIN CANCER v2\final DS\images\NV\ISIC_0070696.jpg,NV,0,1,MEL,0.106303684,0.8935056,0.00019073796,False,0.8935056
C:\SKIN CANCER v2\final DS\images\NV\ISIC_0070819.jpg,NV,0,2,BCC,0.015953505,1.4415746e-06,0.984045,False,0.984045
C:\SKIN CANCER v2\final DS\images\NV\ISIC_0071091.jpg,NV,0,1,MEL,0.019814491,0.9785201,0.0016654182,False,0.9785201
C:\SKIN CANCER v2\final DS\images\NV\ISIC_0071564.jpg,NV,0,1,MEL,0.06779751,0.9319547,0.00024778498,False,0.9319547
C:\SKIN CANCER v2\final DS\images\NV\ISIC_0071807.jpg,NV,0,2,BCC,0.07769605,0.0129320435,0.909372,False,0.909372
C:\SKIN CANCER v2\final DS\images\NV\ISIC_0071835.jpg,NV,0,2,BCC,0.1971031,3.5656456e-05,0.8028612,False,0.8028612
C:\SKIN CANCER v2\final DS\images\NV\ISIC_0071881.jpg,NV,0,1,MEL,0.05802177,0.903135,0.038843203,False,0.903135
C:\SKIN CANCER v2\final DS\images\NV\ISIC_0071886.jpg,NV,0,1,MEL,0.058971755,0.9388706,0.0021576937,False,0.9388706
C:\SKIN CANCER v2\final DS\images\NV\ISIC_0072005.jpg,NV,0,1,MEL,0.059810314,0.9089028,0.031286784,False,0.9089028
C:\SKIN CANCER v2\final DS\images\NV\ISIC_0073159.jpg,NV,0,1,MEL,0.12439515,0.84393716,0.03166772,False,0.84393716
C:\SKIN CANCER v2\final DS\images\NV\ISIC_0073171.jpg,NV,0,1,MEL,0.08492859,0.9145904,0.00048097517,False,0.9145904
C:\SKIN CANCER v2\final DS\images\MEL\ISIC_0000313.jpg,MEL,1,0,NV,0.9940904,0.0059088008,8.4446464e-07,False,0.9940904
C:\SKIN CANCER v2\final DS\images\MEL\ISIC_0010860.jpg,MEL,1,0,NV,0.8772062,0.12276508,2.874352e-05,False,0.8772062
C:\SKIN CANCER v2\final DS\images\MEL\ISIC_0011350.jpg,MEL,1,0,NV,0.93743205,0.062348787,0.00021915168,False,0.93743205
C:\SKIN CANCER v2\final DS\images\MEL\ISIC_0012258_downsampled.jpg,MEL,1,0,NV,0.99723035,0.002713493,5.6134497e-05,False,0.99723035
C:\SKIN CANCER v2\final DS\images\MEL\ISIC_0013141_downsampled.jpg,MEL,1,0,NV,0.9997447,0.00023276701,2.2473829e-05,False,0.9997447
C:\SKIN CANCER v2\final DS\images\MEL\ISIC_0013258_downsampled.jpg,MEL,1,0,NV,0.99988663,0.000113298745,2.1401002e-10,False,0.99988663
C:\SKIN CANCER v2\final DS\images\MEL\ISIC_0013411_downsampled.jpg,MEL,1,0,NV,0.93959683,0.060391165,1.1979698e-05,False,0.93959683
C:\SKIN CANCER v2\final DS\images\MEL\ISIC_0013565_downsampled.jpg,MEL,1,0,NV,0.8716297,0.12834844,2.180126e-05,False,0.8716297
C:\SKIN CANCER v2\final DS\images\MEL\ISIC_0013702_downsampled.jpg,MEL,1,0,NV,0.97124434,0.028745677,9.924476e-06,False,0.97124434
C:\SKIN CANCER v2\final DS\images\MEL\ISIC_0013969_downsampled.jpg,MEL,1,0,NV,0.90563047,0.0893296,0.0050398908,False,0.90563047
C:\SKIN CANCER v2\final DS\images\MEL\ISIC_0014255_downsampled.jpg,MEL,1,0,NV,0.8643009,0.13569155,7.521169e-06,False,0.8643009
C:\SKIN CANCER v2\final DS\images\MEL\ISIC_0015082_downsampled.jpg,MEL,1,0,NV,0.8602453,0.10035575,0.03939893,False,0.8602453
C:\SKIN CANCER v2\final DS\images\MEL\ISIC_0015133_downsampled.jpg,MEL,1,0,NV,0.811554,0.18829505,0.00015094678,False,0.811554
C:\SKIN CANCER v2\final DS\images\MEL\ISIC_0025081.jpg,MEL,1,0,NV,0.9877796,0.012213805,6.65217e-06,False,0.9877796
C:\SKIN CANCER v2\final DS\images\MEL\ISIC_0025489.jpg,MEL,1,0,NV,0.83246106,0.16735739,0.00018154862,False,0.83246106
C:\SKIN CANCER v2\final DS\images\MEL\ISIC_0025964.jpg,MEL,1,0,NV,0.91792077,0.08084597,0.0012332334,False,0.91792077
C:\SKIN CANCER v2\final DS\images\MEL\ISIC_0026475.jpg,MEL,1,0,NV,0.99478394,0.005208441,7.601069e-06,False,0.99478394
C:\SKIN CANCER v2\final DS\images\MEL\ISIC_0026989.jpg,MEL,1,0,NV,0.99894696,0.0010528567,1.9509145e-07,False,0.99894696
C:\SKIN CANCER v2\final DS\images\MEL\ISIC_0027402.jpg,MEL,1,0,NV,0.99040586,0.007655219,0.0019388901,False,0.99040586
C:\SKIN CANCER v2\final DS\images\MEL\ISIC_0028017.jpg,MEL,1,0,NV,0.95684266,0.042895943,0.00026145688,False,0.95684266
C:\SKIN CANCER v2\final DS\images\MEL\ISIC_0029021.jpg,MEL,1,0,NV,0.9310558,0.06665264,0.0022915395,False,0.9310558
C:\SKIN CANCER v2\final DS\images\MEL\ISIC_0030129.jpg,MEL,1,0,NV,0.968075,0.031923838,1.1503673e-06,False,0.968075
C:\SKIN CANCER v2\final DS\images\MEL\ISIC_0030754.jpg,MEL,1,0,NV,0.9988979,0.0011011815,8.2140446e-07,False,0.9988979
C:\SKIN CANCER v2\final DS\images\MEL\ISIC_0030818.jpg,MEL,1,0,NV,0.99133027,0.008669188,5.375231e-07,False,0.99133027
C:\SKIN CANCER v2\final DS\images\MEL\ISIC_0031565.jpg,MEL,1,0,NV,0.9260665,0.073829815,0.00010367773,False,0.9260665
C:\SKIN CANCER v2\final DS\images\MEL\ISIC_0031977.jpg,MEL,1,0,NV,0.9283789,0.071612395,8.720684e-06,False,0.9283789
C:\SKIN CANCER v2\final DS\images\MEL\ISIC_0032072.jpg,MEL,1,2,BCC,0.030055668,0.14566746,0.8242769,False,0.8242769
C:\SKIN CANCER v2\final DS\images\MEL\ISIC_0032182.jpg,MEL,1,2,BCC,7.626411e-06,0.115827136,0.8841652,False,0.8841652
C:\SKIN CANCER v2\final DS\images\MEL\ISIC_0032533.jpg,MEL,1,0,NV,0.9774006,0.022557864,4.1584823e-05,False,0.9774006
C:\SKIN CANCER v2\final DS\images\MEL\ISIC_0032645.jpg,MEL,1,0,NV,0.80692464,0.17375599,0.0193194,False,0.80692464
C:\SKIN CANCER v2\final DS\images\MEL\ISIC_0032812.jpg,MEL,1,0,NV,0.97982943,0.019524401,0.00064611254,False,0.97982943
C:\SKIN CANCER v2\final DS\images\MEL\ISIC_0032872.jpg,MEL,1,0,NV,0.85974133,0.13234144,0.007917204,False,0.85974133
C:\SKIN CANCER v2\final DS\images\MEL\ISIC_0033004.jpg,MEL,1,0,NV,0.9338517,0.06610146,4.680339e-05,False,0.9338517
C:\SKIN CANCER v2\final DS\images\MEL\ISIC_0033178.jpg,MEL,1,0,NV,0.8635557,0.09567906,0.040765252,False,0.8635557
C:\SKIN CANCER v2\final DS\images\MEL\ISIC_0033619.jpg,MEL,1,0,NV,0.9936069,0.006108715,0.00028434143,False,0.9936069
C:\SKIN CANCER v2\final DS\images\MEL\ISIC_0033653.jpg,MEL,1,0,NV,0.884982,0.115015,3.0729739e-06,False,0.884982
C:\SKIN CANCER v2\final DS\images\MEL\ISIC_0033812.jpg,MEL,1,0,NV,0.8448674,0.15511228,2.0316107e-05,False,0.8448674
C:\SKIN CANCER v2\final DS\images\MEL\ISIC_0033814.jpg,MEL,1,0,NV,0.8035184,0.1670308,0.029450739,False,0.8035184
C:\SKIN CANCER v2\final DS\images\MEL\ISIC_0033980.jpg,MEL,1,0,NV,0.9408672,0.0590064,0.00012643894,False,0.9408672
C:\SKIN CANCER v2\final DS\images\MEL\ISIC_0034065.jpg,MEL,1,0,NV,0.993985,0.00581791,0.00019708136,False,0.993985
C:\SKIN CANCER v2\final DS\images\MEL\ISIC_0053473.jpg,MEL,1,2,BCC,0.0003631754,0.04461162,0.9550252,False,0.9550252
C:\SKIN CANCER v2\final DS\images\MEL\ISIC_0053510.jpg,MEL,1,0,NV,0.98368305,0.016316704,2.0521792e-07,False,0.98368305
C:\SKIN CANCER v2\final DS\images\MEL\ISIC_0053533.jpg,MEL,1,2,BCC,0.0005260316,0.01839647,0.9810775,False,0.9810775
C:\SKIN CANCER v2\final DS\images\MEL\ISIC_0053828.jpg,MEL,1,0,NV,0.97994083,0.019744841,0.0003143775,False,0.97994083
C:\SKIN CANCER v2\final DS\images\MEL\ISIC_0054465.jpg,MEL,1,2,BCC,0.018129732,0.15963832,0.822232,False,0.822232
C:\SKIN CANCER v2\final DS\images\MEL\ISIC_0054973.jpg,MEL,1,0,NV,0.9999782,2.1574151e-05,2.1439867e-07,False,0.9999782
C:\SKIN CANCER v2\final DS\images\MEL\ISIC_0055081.jpg,MEL,1,2,BCC,0.0052484972,0.19470902,0.80004245,False,0.80004245
C:\SKIN CANCER v2\final DS\images\MEL\ISIC_0055327.jpg,MEL,1,0,NV,0.99579525,0.00420444,3.2297268e-07,False,0.99579525
C:\SKIN CANCER v2\final DS\images\MEL\ISIC_0055911.jpg,MEL,1,0,NV,0.924982,0.065331556,0.00968651,False,0.924982
C:\SKIN CANCER v2\final DS\images\MEL\ISIC_0055960.jpg,MEL,1,2,BCC,0.0071442476,0.0072043296,0.9856514,False,0.9856514
C:\SKIN CANCER v2\final DS\images\MEL\ISIC_0056089.jpg,MEL,1,0,NV,0.974766,0.024804711,0.00042927387,False,0.974766
C:\SKIN CANCER v2\final DS\images\MEL\ISIC_0056232.jpg,MEL,1,0,NV,0.9396992,0.060255773,4.498615e-05,False,0.9396992
C:\SKIN CANCER v2\final DS\images\MEL\ISIC_0057032.jpg,MEL,1,0,NV,0.9999211,7.8818935e-05,1.0392462e-07,False,0.9999211
C:\SKIN CANCER v2\final DS\images\MEL\ISIC_0057534.jpg,MEL,1,0,NV,0.9644096,0.035337064,0.00025339596,False,0.9644096
C:\SKIN CANCER v2\final DS\images\MEL\ISIC_0057845.jpg,MEL,1,0,NV,0.98706645,0.012927592,5.9940894e-06,False,0.98706645
C:\SKIN CANCER v2\final DS\images\MEL\ISIC_0057864.jpg,MEL,1,0,NV,0.92004734,0.05800028,0.021952404,False,0.92004734
C:\SKIN CANCER v2\final DS\images\MEL\ISIC_0057914.jpg,MEL,1,0,NV,0.8641186,0.06613909,0.069742374,False,0.8641186
C:\SKIN CANCER v2\final DS\images\MEL\ISIC_0058046.jpg,MEL,1,0,NV,0.8175451,0.18238993,6.48643e-05,False,0.8175451
C:\SKIN CANCER v2\final DS\images\MEL\ISIC_0058075.jpg,MEL,1,2,BCC,0.009637889,0.07502976,0.9153323,False,0.9153323
C:\SKIN CANCER v2\final DS\images\MEL\ISIC_0058168.jpg,MEL,1,0,NV,0.9946403,0.0053597335,4.9841777e-08,False,0.9946403
C:\SKIN CANCER v2\final DS\images\MEL\ISIC_0058331.jpg,MEL,1,0,NV,0.98031497,0.0030338098,0.016651317,False,0.98031497
C:\SKIN CANCER v2\final DS\images\MEL\ISIC_0058383.jpg,MEL,1,0,NV,0.93593705,0.063994825,6.817246e-05,False,0.93593705
C:\SKIN CANCER v2\final DS\images\MEL\ISIC_0059178.jpg,MEL,1,0,NV,0.8748062,0.12519163,2.0520033e-06,False,0.8748062
C:\SKIN CANCER v2\final DS\images\MEL\ISIC_0059318.jpg,MEL,1,0,NV,0.92901266,0.070943564,4.3753902e-05,False,0.92901266
C:\SKIN CANCER v2\final DS\images\MEL\ISIC_0059330.jpg,MEL,1,0,NV,0.9878499,0.012146052,4.059282e-06,False,0.9878499
C:\SKIN CANCER v2\final DS\images\MEL\ISIC_0059423.jpg,MEL,1,0,NV,0.824835,0.17228307,0.0028819689,False,0.824835
C:\SKIN CANCER v2\final DS\images\MEL\ISIC_0059443.jpg,MEL,1,0,NV,0.9916893,0.008310319,2.98551e-07,False,0.9916893
C:\SKIN CANCER v2\final DS\images\MEL\ISIC_0059992.jpg,MEL,1,2,BCC,6.4129774e-05,0.002010733,0.99792516,False,0.99792516
C:\SKIN CANCER v2\final DS\images\MEL\ISIC_0060033.jpg,MEL,1,0,NV,0.9985763,0.0014226325,1.0180653e-06,False,0.9985763
C:\SKIN CANCER v2\final DS\images\MEL\ISIC_0060150.jpg,MEL,1,2,BCC,0.0047022006,0.0035327298,0.9917651,False,0.9917651
C:\SKIN CANCER v2\final DS\images\MEL\ISIC_0060308.jpg,MEL,1,0,NV,0.89732283,0.09919926,0.003477888,False,0.89732283
C:\SKIN CANCER v2\final DS\images\MEL\ISIC_0060525.jpg,MEL,1,0,NV,0.80394906,0.005280412,0.19077048,False,0.80394906
C:\SKIN CANCER v2\final DS\images\MEL\ISIC_0061629.jpg,MEL,1,0,NV,0.9875759,0.012419695,4.4147973e-06,False,0.9875759
C:\SKIN CANCER v2\final DS\images\MEL\ISIC_0062155.jpg,MEL,1,2,BCC,0.0037921674,0.09402796,0.90217984,False,0.90217984
C:\SKIN CANCER v2\final DS\images\MEL\ISIC_0062234.jpg,MEL,1,0,NV,0.92588234,0.07353569,0.00058196246,False,0.92588234
C:\SKIN CANCER v2\final DS\images\MEL\ISIC_0062325.jpg,MEL,1,0,NV,0.8721297,0.12777168,9.862074e-05,False,0.8721297
C:\SKIN CANCER v2\final DS\images\MEL\ISIC_0062364.jpg,MEL,1,2,BCC,0.006222725,0.0021718377,0.9916054,False,0.9916054
C:\SKIN CANCER v2\final DS\images\MEL\ISIC_0062389.jpg,MEL,1,0,NV,0.8376517,0.01755411,0.14479417,False,0.8376517
C:\SKIN CANCER v2\final DS\images\MEL\ISIC_0062734.jpg,MEL,1,0,NV,0.84794945,0.01841334,0.13363716,False,0.84794945
C:\SKIN CANCER v2\final DS\images\MEL\ISIC_0063081.jpg,MEL,1,0,NV,0.90751994,0.0924759,4.1051812e-06,False,0.90751994
C:\SKIN CANCER v2\final DS\images\MEL\ISIC_0063266.jpg,MEL,1,0,NV,0.98509085,0.013623376,0.0012857089,False,0.98509085
C:\SKIN CANCER v2\final DS\images\MEL\ISIC_0063349.jpg,MEL,1,0,NV,0.9990158,0.0009828388,1.2751323e-06,False,0.9990158
C:\SKIN CANCER v2\final DS\images\MEL\ISIC_0064023.jpg,MEL,1,0,NV,0.9060646,0.09392089,1.4432623e-05,False,0.9060646
C:\SKIN CANCER v2\final DS\images\MEL\ISIC_0064072.jpg,MEL,1,0,NV,0.9269232,0.07306442,1.2411062e-05,False,0.9269232
C:\SKIN CANCER v2\final DS\images\MEL\ISIC_0064393.jpg,MEL,1,2,BCC,0.053487357,0.114778146,0.8317345,False,0.8317345
C:\SKIN CANCER v2\final DS\images\MEL\ISIC_0064472.jpg,MEL,1,0,NV,0.8223558,0.1776195,2.4689218e-05,False,0.8223558
C:\SKIN CANCER v2\final DS\images\MEL\ISIC_0064517.jpg,MEL,1,0,NV,0.97109115,0.027709479,0.0011993541,False,0.97109115
C:\SKIN CANCER v2\final DS\images\MEL\ISIC_0064800.jpg,MEL,1,2,BCC,0.003999179,0.06793649,0.9280643,False,0.9280643
C:\SKIN CANCER v2\final DS\images\MEL\ISIC_0066094.jpg,MEL,1,0,NV,0.9163398,0.08336029,0.00029987312,False,0.9163398
C:\SKIN CANCER v2\final DS\images\MEL\ISIC_0066376.jpg,MEL,1,0,NV,0.9085025,0.09133219,0.00016524471,False,0.9085025
C:\SKIN CANCER v2\final DS\images\MEL\ISIC_0066593.jpg,MEL,1,0,NV,0.98438925,0.015435253,0.00017545639,False,0.98438925
C:\SKIN CANCER v2\final DS\images\MEL\ISIC_0066792.jpg,MEL,1,0,NV,0.91602093,0.07630734,0.007671705,False,0.91602093
C:\SKIN CANCER v2\final DS\images\MEL\ISIC_0067009.jpg,MEL,1,0,NV,0.98903066,0.010914108,5.5163775e-05,False,0.98903066
C:\SKIN CANCER v2\final DS\images\MEL\ISIC_0067200.jpg,MEL,1,2,BCC,0.016235026,0.007050939,0.976714,False,0.976714
C:\SKIN CANCER v2\final DS\images\MEL\ISIC_0067417.jpg,MEL,1,0,NV,0.974841,0.02222803,0.002930947,False,0.974841
C:\SKIN CANCER v2\final DS\images\MEL\ISIC_0067697.jpg,MEL,1,0,NV,0.930949,0.0690281,2.2992397e-05,False,0.930949
C:\SKIN CANCER v2\final DS\images\MEL\ISIC_0067845.jpg,MEL,1,2,BCC,0.0002528929,0.03198186,0.9677653,False,0.9677653
C:\SKIN CANCER v2\final DS\images\MEL\ISIC_0068273.jpg,MEL,1,2,BCC,0.015659329,0.0077616647,0.97657907,False,0.97657907
C:\SKIN CANCER v2\final DS\images\MEL\ISIC_0068315.jpg,MEL,1,2,BCC,0.00010844986,0.0007178904,0.9991737,False,0.9991737
C:\SKIN CANCER v2\final DS\images\MEL\ISIC_0068628.jpg,MEL,1,0,NV,0.9832818,0.01669238,2.5832489e-05,False,0.9832818
C:\SKIN CANCER v2\final DS\images\MEL\ISIC_0068900.jpg,MEL,1,2,BCC,0.008118408,0.12232063,0.8695609,False,0.8695609
C:\SKIN CANCER v2\final DS\images\MEL\ISIC_0068907.jpg,MEL,1,2,BCC,0.0008904403,0.00931415,0.9897954,False,0.9897954
C:\SKIN CANCER v2\final DS\images\MEL\ISIC_0069536.jpg,MEL,1,0,NV,0.9973827,0.0025917243,2.562062e-05,False,0.9973827
C:\SKIN CANCER v2\final DS\images\MEL\ISIC_0069671.jpg,MEL,1,2,BCC,0.0011224527,0.00064015866,0.9982374,False,0.9982374
C:\SKIN CANCER v2\final DS\images\MEL\ISIC_0069933.jpg,MEL,1,2,BCC,0.017921349,0.027737446,0.9543411,False,0.9543411
C:\SKIN CANCER v2\final DS\images\MEL\ISIC_0070065.jpg,MEL,1,2,BCC,6.172682e-05,0.00082492834,0.9991134,False,0.9991134
C:\SKIN CANCER v2\final DS\images\MEL\ISIC_0070123.jpg,MEL,1,0,NV,0.9570861,0.0429135,2.9295472e-07,False,0.9570861
C:\SKIN CANCER v2\final DS\images\MEL\ISIC_0070601.jpg,MEL,1,0,NV,0.93969834,0.060300905,7.6294623e-07,False,0.93969834
C:\SKIN CANCER v2\final DS\images\MEL\ISIC_0070794.jpg,MEL,1,0,NV,0.9592855,0.040497143,0.00021735765,False,0.9592855
C:\SKIN CANCER v2\final DS\images\MEL\ISIC_0070822.jpg,MEL,1,2,BCC,0.012515369,0.11683618,0.8706485,False,0.8706485
C:\SKIN CANCER v2\final DS\images\MEL\ISIC_0071681.jpg,MEL,1,0,NV,0.9979526,0.0020449306,2.4813762e-06,False,0.9979526
C:\SKIN CANCER v2\final DS\images\MEL\ISIC_0072287.jpg,MEL,1,2,BCC,0.0042562443,0.00375232,0.99199146,False,0.99199146
C:\SKIN CANCER v2\final DS\images\MEL\ISIC_0072429.jpg,MEL,1,0,NV,0.92795825,0.06985101,0.0021907564,False,0.92795825
C:\SKIN CANCER v2\final DS\images\MEL\ISIC_0072495.jpg,MEL,1,2,BCC,0.0009827383,0.09764477,0.9013725,False,0.9013725
C:\SKIN CANCER v2\final DS\images\MEL\ISIC_0073127.jpg,MEL,1,0,NV,0.9886092,0.011386361,4.4783915e-06,False,0.9886092
C:\SKIN CANCER v2\final DS\images\BCC\ISIC_0027609.jpg,BCC,2,1,MEL,0.0038078397,0.9219804,0.07421183,False,0.9219804
C:\SKIN CANCER v2\final DS\images\BCC\ISIC_0053504.jpg,BCC,2,1,MEL,0.00012906296,0.9457309,0.054139994,False,0.9457309
C:\SKIN CANCER v2\final DS\images\BCC\ISIC_0054552.jpg,BCC,2,1,MEL,0.12684692,0.8128466,0.060306396,False,0.8128466
C:\SKIN CANCER v2\final DS\images\BCC\ISIC_0054929.jpg,BCC,2,1,MEL,6.009628e-05,0.99948883,0.00045109066,False,0.99948883
C:\SKIN CANCER v2\final DS\images\BCC\ISIC_0055089.jpg,BCC,2,1,MEL,5.153974e-05,0.9994148,0.0005336542,False,0.9994148
C:\SKIN CANCER v2\final DS\images\BCC\ISIC_0056681.jpg,BCC,2,1,MEL,0.0007709057,0.9964665,0.0027625838,False,0.9964665
C:\SKIN CANCER v2\final DS\images\BCC\ISIC_0057662.jpg,BCC,2,1,MEL,0.0033964182,0.9965802,2.3398514e-05,False,0.9965802
C:\SKIN CANCER v2\final DS\images\BCC\ISIC_0060738.jpg,BCC,2,0,NV,0.9304775,0.027426152,0.04209638,False,0.9304775
C:\SKIN CANCER v2\final DS\images\BCC\ISIC_0060823.jpg,BCC,2,1,MEL,0.0024976619,0.92944837,0.068054,False,0.92944837
C:\SKIN CANCER v2\final DS\images\BCC\ISIC_0061430.jpg,BCC,2,1,MEL,0.003849965,0.98469377,0.011456259,False,0.98469377
C:\SKIN CANCER v2\final DS\images\BCC\ISIC_0061908.jpg,BCC,2,0,NV,0.8981807,0.01012773,0.091691606,False,0.8981807
C:\SKIN CANCER v2\final DS\images\BCC\ISIC_0062473.jpg,BCC,2,1,MEL,0.0042285044,0.8475146,0.1482569,False,0.8475146
C:\SKIN CANCER v2\final DS\images\BCC\ISIC_0062902.jpg,BCC,2,1,MEL,9.305566e-05,0.9978277,0.0020791814,False,0.9978277
C:\SKIN CANCER v2\final DS\images\BCC\ISIC_0062965.jpg,BCC,2,0,NV,0.9941968,0.0051198,0.0006833594,False,0.9941968
C:\SKIN CANCER v2\final DS\images\BCC\ISIC_0063942.jpg,BCC,2,1,MEL,0.00025785193,0.9911212,0.008620936,False,0.9911212
C:\SKIN CANCER v2\final DS\images\BCC\ISIC_0064556.jpg,BCC,2,1,MEL,0.0004424967,0.99734205,0.0022154753,False,0.99734205
C:\SKIN CANCER v2\final DS\images\BCC\ISIC_0064578.jpg,BCC,2,0,NV,0.85382795,0.00040582707,0.14576617,False,0.85382795
C:\SKIN CANCER v2\final DS\images\BCC\ISIC_0066103.jpg,BCC,2,0,NV,0.9989548,0.000910617,0.00013456847,False,0.9989548
C:\SKIN CANCER v2\final DS\images\BCC\ISIC_0068260.jpg,BCC,2,1,MEL,0.0006245032,0.8284815,0.17089397,False,0.8284815
C:\SKIN CANCER v2\final DS\images\BCC\ISIC_0068832.jpg,BCC,2,1,MEL,0.0068004522,0.8016399,0.19155966,False,0.8016399
C:\SKIN CANCER v2\final DS\images\BCC\ISIC_0068969.jpg,BCC,2,0,NV,0.9971059,0.0026091058,0.00028508756,False,0.9971059
C:\SKIN CANCER v2\final DS\images\BCC\ISIC_0071955.jpg,BCC,2,1,MEL,0.00037012788,0.87851816,0.121111706,False,0.87851816
C:\SKIN CANCER v2\final DS\images\BCC\ISIC_0072515.jpg,BCC,2,1,MEL,0.0003925214,0.9938344,0.0057731173,False,0.9938344
