preprocessed_full_path,final_authoritative_label,class_index,pred_label_idx,pred_label_name,prob_NV,prob_MEL,prob_BCC,correct,error_type
C:\SKIN CANCER v2\final DS\images\NV\ISIC_0000203_downsampled.jpg,NV,0,1,MEL,0.37877074,0.6101214,0.011107879,False,NV_as_MEL
C:\SKIN CANCER v2\final DS\images\NV\ISIC_0000237.jpg,NV,0,1,MEL,0.092883915,0.90704733,6.8741916e-05,False,NV_as_MEL
C:\SKIN CANCER v2\final DS\images\NV\ISIC_0000374.jpg,NV,0,1,MEL,0.32289776,0.6770645,3.7752005e-05,False,NV_as_MEL
C:\SKIN CANCER v2\final DS\images\NV\ISIC_0009872.jpg,NV,0,2,BCC,0.08955488,0.24283595,0.66760916,False,NV_as_BCC
C:\SKIN CANCER v2\final DS\images\NV\ISIC_0009896.jpg,NV,0,1,MEL,0.15141758,0.84838563,0.00019684005,False,NV_as_MEL
C:\SKIN CANCER v2\final DS\images\NV\ISIC_0009937.jpg,NV,0,2,BCC,0.46786204,0.014660096,0.51747787,False,NV_as_BCC
C:\SKIN CANCER v2\final DS\images\NV\ISIC_0009946.jpg,NV,0,1,MEL,0.41085705,0.5886822,0.00046074818,False,NV_as_MEL
C:\SKIN CANCER v2\final DS\images\NV\ISIC_0010025.jpg,NV,0,1,MEL,0.27941248,0.72049797,8.961466e-05,False,NV_as_MEL
C:\SKIN CANCER v2\final DS\images\NV\ISIC_0010044.jpg,NV,0,1,MEL,0.044650763,0.95534027,8.988522e-06,False,NV_as_MEL
C:\SKIN CANCER v2\final DS\images\NV\ISIC_0010102.jpg,NV,0,1,MEL,0.16437139,0.81233263,0.023296025,False,NV_as_MEL
C:\SKIN CANCER v2\final DS\images\NV\ISIC_0010185.jpg,NV,0,1,MEL,0.1632619,0.6512661,0.18547206,False,NV_as_MEL
C:\SKIN CANCER v2\final DS\images\NV\ISIC_0010206.jpg,NV,0,1,MEL,0.48464176,0.5153381,2.0119109e-05,False,NV_as_MEL
C:\SKIN CANCER v2\final DS\images\NV\ISIC_0010228.jpg,NV,0,1,MEL,0.18614508,0.8138546,3.8443028e-07,False,NV_as_MEL
C:\SKIN CANCER v2\final DS\images\NV\ISIC_0010239.jpg,NV,0,1,MEL,0.43969247,0.5602125,9.501801e-05,False,NV_as_MEL
C:\SKIN CANCER v2\final DS\images\NV\ISIC_0010320.jpg,NV,0,1,MEL,0.026126474,0.9736081,0.00026543968,False,NV_as_MEL
C:\SKIN CANCER v2\final DS\images\NV\ISIC_0010326.jpg,NV,0,1,MEL,0.49020106,0.5094058,0.00039314525,False,NV_as_MEL
C:\SKIN CANCER v2\final DS\images\NV\ISIC_0010599.jpg,NV,0,1,MEL,0.35953945,0.49297613,0.14748435,False,NV_as_MEL
C:\SKIN CANCER v2\final DS\images\NV\ISIC_0011115.jpg,NV,0,1,MEL,0.47156125,0.51400954,0.014429222,False,NV_as_MEL
C:\SKIN CANCER v2\final DS\images\NV\ISIC_0011326.jpg,NV,0,1,MEL,0.2902975,0.7096344,6.803497e-05,False,NV_as_MEL
C:\SKIN CANCER v2\final DS\images\NV\ISIC_0011402.jpg,NV,0,1,MEL,0.34899494,0.6509017,0.000103385304,False,NV_as_MEL
C:\SKIN CANCER v2\final DS\images\NV\ISIC_0012206_downsampled.jpg,NV,0,1,MEL,0.026890699,0.97303843,7.0912276e-05,False,NV_as_MEL
C:\SKIN CANCER v2\final DS\images\NV\ISIC_0012357_downsampled.jpg,NV,0,1,MEL,0.28587133,0.71411926,9.435326e-06,False,NV_as_MEL
C:\SKIN CANCER v2\final DS\images\NV\ISIC_0012487_downsampled.jpg,NV,0,2,BCC,0.013444901,0.00096705096,0.9855881,False,NV_as_BCC
C:\SKIN CANCER v2\final DS\images\NV\ISIC_0013222_downsampled.jpg,NV,0,1,MEL,0.13190858,0.8680883,3.1211753e-06,False,NV_as_MEL
C:\SKIN CANCER v2\final DS\images\NV\ISIC_0013274_downsampled.jpg,NV,0,1,MEL,0.33652285,0.66309386,0.00038328773,False,NV_as_MEL
C:\SKIN CANCER v2\final DS\images\NV\ISIC_0013346_downsampled.jpg,NV,0,1,MEL,0.46884072,0.52972037,0.0014389537,False,NV_as_MEL
C:\SKIN CANCER v2\final DS\images\NV\ISIC_0013432_downsampled.jpg,NV,0,1,MEL,0.29747322,0.7024435,8.326096e-05,False,NV_as_MEL
C:\SKIN CANCER v2\final DS\images\NV\ISIC_0013494_downsampled.jpg,NV,0,1,MEL,0.49508268,0.50416815,0.00074918463,False,NV_as_MEL
C:\SKIN CANCER v2\final DS\images\NV\ISIC_0013553_downsampled.jpg,NV,0,1,MEL,0.03255603,0.9674434,5.6110576e-07,False,NV_as_MEL
C:\SKIN CANCER v2\final DS\images\NV\ISIC_0013713_downsampled.jpg,NV,0,1,MEL,0.21121338,0.7876376,0.0011490816,False,NV_as_MEL
C:\SKIN CANCER v2\final DS\images\NV\ISIC_0014131_downsampled.jpg,NV,0,1,MEL,0.06748729,0.9324166,9.614835e-05,False,NV_as_MEL
C:\SKIN CANCER v2\final DS\images\NV\ISIC_0014328_downsampled.jpg,NV,0,1,MEL,0.4628701,0.53711915,1.0744932e-05,False,NV_as_MEL
C:\SKIN CANCER v2\final DS\images\NV\ISIC_0014516_downsampled.jpg,NV,0,1,MEL,0.16332182,0.8366471,3.106184e-05,False,NV_as_MEL
C:\SKIN CANCER v2\final DS\images\NV\ISIC_0014696_downsampled.jpg,NV,0,1,MEL,0.15024884,0.84961516,0.00013605299,False,NV_as_MEL
C:\SKIN CANCER v2\final DS\images\NV\ISIC_0014724_downsampled.jpg,NV,0,1,MEL,0.11239256,0.8876073,9.076207e-08,False,NV_as_MEL
C:\SKIN CANCER v2\final DS\images\NV\ISIC_0014898_downsampled.jpg,NV,0,1,MEL,0.22993919,0.7487533,0.021307483,False,NV_as_MEL
C:\SKIN CANCER v2\final DS\images\NV\ISIC_0015064_downsampled.jpg,NV,0,1,MEL,0.45341855,0.5464693,0.00011214927,False,NV_as_MEL
C:\SKIN CANCER v2\final DS\images\NV\ISIC_0015347_downsampled.jpg,NV,0,2,BCC,0.38876024,0.011311309,0.5999285,False,NV_as_BCC
C:\SKIN CANCER v2\final DS\images\NV\ISIC_0015968_downsampled.jpg,NV,0,1,MEL,0.44922778,0.5507718,4.5065303e-07,False,NV_as_MEL
C:\SKIN CANCER v2\final DS\images\NV\ISIC_0016014_downsampled.jpg,NV,0,1,MEL,0.45577276,0.5442243,2.9259313e-06,False,NV_as_MEL
C:\SKIN CANCER v2\final DS\images\NV\ISIC_0016036_downsampled.jpg,NV,0,1,MEL,0.16625968,0.83358496,0.00015533011,False,NV_as_MEL
C:\SKIN CANCER v2\final DS\images\NV\ISIC_0016068_downsampled.jpg,NV,0,1,MEL,0.14244138,0.85455346,0.0030051407,False,NV_as_MEL
C:\SKIN CANCER v2\final DS\images\NV\ISIC_0016072_downsampled.jpg,NV,0,1,MEL,0.11043847,0.88955265,8.817478e-06,False,NV_as_MEL
C:\SKIN CANCER v2\final DS\images\NV\ISIC_0024608.jpg,NV,0,1,MEL,0.08285081,0.9168584,0.00029079898,False,NV_as_MEL
C:\SKIN CANCER v2\final DS\images\NV\ISIC_0024789.jpg,NV,0,2,BCC,0.24350336,0.0022409717,0.7542557,False,NV_as_BCC
C:\SKIN CANCER v2\final DS\images\NV\ISIC_0024831.jpg,NV,0,2,BCC,0.15298149,0.020150546,0.826868,False,NV_as_BCC
C:\SKIN CANCER v2\final DS\images\NV\ISIC_0024891.jpg,NV,0,1,MEL,0.32606092,0.6363843,0.03755476,False,NV_as_MEL
C:\SKIN CANCER v2\final DS\images\NV\ISIC_0024924.jpg,NV,0,1,MEL,0.37422916,0.6250981,0.0006726949,False,NV_as_MEL
C:\SKIN CANCER v2\final DS\images\NV\ISIC_0024938.jpg,NV,0,1,MEL,0.052739818,0.9467516,0.0005085846,False,NV_as_MEL
C:\SKIN CANCER v2\final DS\images\NV\ISIC_0024963.jpg,NV,0,1,MEL,0.02300685,0.8181973,0.15879583,False,NV_as_MEL
C:\SKIN CANCER v2\final DS\images\NV\ISIC_0025008.jpg,NV,0,1,MEL,0.39058414,0.5816381,0.02777779,False,NV_as_MEL
C:\SKIN CANCER v2\final DS\images\NV\ISIC_0025078.jpg,NV,0,1,MEL,0.4608951,0.5390725,3.2413005e-05,False,NV_as_MEL
C:\SKIN CANCER v2\final DS\images\NV\ISIC_0025158.jpg,NV,0,1,MEL,0.2520675,0.74788165,5.0814713e-05,False,NV_as_MEL
C:\SKIN CANCER v2\final DS\images\NV\ISIC_0025231.jpg,NV,0,1,MEL,0.03020394,0.969277,0.0005189875,False,NV_as_MEL
C:\SKIN CANCER v2\final DS\images\NV\ISIC_0025262.jpg,NV,0,1,MEL,0.25969273,0.456164,0.28414327,False,NV_as_MEL
C:\SKIN CANCER v2\final DS\images\NV\ISIC_0025453.jpg,NV,0,1,MEL,0.19007215,0.8098295,9.8395205e-05,False,NV_as_MEL
C:\SKIN CANCER v2\final DS\images\NV\ISIC_0025476.jpg,NV,0,1,MEL,0.3695438,0.5920583,0.038397882,False,NV_as_MEL
C:\SKIN CANCER v2\final DS\images\NV\ISIC_0025735.jpg,NV,0,1,MEL,0.40454915,0.45745426,0.13799664,False,NV_as_MEL
C:\SKIN CANCER v2\final DS\images\NV\ISIC_0025846.jpg,NV,0,1,MEL,0.31929824,0.6347875,0.045914277,False,NV_as_MEL
C:\SKIN CANCER v2\final DS\images\NV\ISIC_0026017.jpg,NV,0,1,MEL,0.41629973,0.5824538,0.0012465195,False,NV_as_MEL
C:\SKIN CANCER v2\final DS\images\NV\ISIC_0026053.jpg,NV,0,1,MEL,0.18390337,0.81254923,0.0035473567,False,NV_as_MEL
C:\SKIN CANCER v2\final DS\images\NV\ISIC_0026084.jpg,NV,0,1,MEL,0.03866948,0.93188554,0.029445026,False,NV_as_MEL
C:\SKIN CANCER v2\final DS\images\NV\ISIC_0026099.jpg,NV,0,1,MEL,0.33992678,0.65919507,0.0008781948,False,NV_as_MEL
C:\SKIN CANCER v2\final DS\images\NV\ISIC_0026166.jpg,NV,0,1,MEL,0.48097977,0.51767254,0.0013476441,False,NV_as_MEL
C:\SKIN CANCER v2\final DS\images\NV\ISIC_0026251.jpg,NV,0,2,BCC,0.065315515,0.0030318324,0.93165255,False,NV_as_BCC
C:\SKIN CANCER v2\final DS\images\NV\ISIC_0026260.jpg,NV,0,1,MEL,0.3838418,0.61602604,0.00013211013,False,NV_as_MEL
C:\SKIN CANCER v2\final DS\images\NV\ISIC_0026330.jpg,NV,0,1,MEL,0.40508622,0.57094795,0.023965873,False,NV_as_MEL
C:\SKIN CANCER v2\final DS\images\NV\ISIC_0026491.jpg,NV,0,1,MEL,0.08452206,0.9153963,8.164079e-05,False,NV_as_MEL
C:\SKIN CANCER v2\final DS\images\NV\ISIC_0026512.jpg,NV,0,1,MEL,0.12086398,0.878065,0.0010710463,False,NV_as_MEL
C:\SKIN CANCER v2\final DS\images\NV\ISIC_0026852.jpg,NV,0,1,MEL,0.16207321,0.8377094,0.0002173087,False,NV_as_MEL
C:\SKIN CANCER v2\final DS\images\NV\ISIC_0027007.jpg,NV,0,1,MEL,0.4097468,0.5755951,0.014658056,False,NV_as_MEL
C:\SKIN CANCER v2\final DS\images\NV\ISIC_0027062.jpg,NV,0,1,MEL,0.43892294,0.55338866,0.007688395,False,NV_as_MEL
C:\SKIN CANCER v2\final DS\images\NV\ISIC_0027087.jpg,NV,0,1,MEL,0.20140329,0.79522413,0.0033725386,False,NV_as_MEL
C:\SKIN CANCER v2\final DS\images\NV\ISIC_0027152.jpg,NV,0,1,MEL,0.028489318,0.97150236,8.34101e-06,False,NV_as_MEL
C:\SKIN CANCER v2\final DS\images\NV\ISIC_0027235.jpg,NV,0,1,MEL,0.1286605,0.87131405,2.544539e-05,False,NV_as_MEL
C:\SKIN CANCER v2\final DS\images\NV\ISIC_0027240.jpg,NV,0,2,BCC,0.10476343,0.003332446,0.8919041,False,NV_as_BCC
C:\SKIN CANCER v2\final DS\images\NV\ISIC_0027423.jpg,NV,0,2,BCC,0.35801002,0.002087409,0.63990253,False,NV_as_BCC
C:\SKIN CANCER v2\final DS\images\NV\ISIC_0027644.jpg,NV,0,1,MEL,0.38193092,0.6180334,3.5737758e-05,False,NV_as_MEL
C:\SKIN CANCER v2\final DS\images\NV\ISIC_0027667.jpg,NV,0,1,MEL,0.22458564,0.77525157,0.00016284587,False,NV_as_MEL
C:\SKIN CANCER v2\final DS\images\NV\ISIC_0028098.jpg,NV,0,1,MEL,0.22394839,0.775852,0.00019966393,False,NV_as_MEL
C:\SKIN CANCER v2\final DS\images\NV\ISIC_0028186.jpg,NV,0,1,MEL,0.3840996,0.615088,0.0008124559,False,NV_as_MEL
C:\SKIN CANCER v2\final DS\images\NV\ISIC_0028214.jpg,NV,0,1,MEL,0.007155015,0.93470496,0.058140006,False,NV_as_MEL
C:\SKIN CANCER v2\final DS\images\NV\ISIC_0028261.jpg,NV,0,1,MEL,0.062361803,0.93594486,0.0016932981,False,NV_as_MEL
C:\SKIN CANCER v2\final DS\images\NV\ISIC_0028305.jpg,NV,0,1,MEL,0.38534954,0.614308,0.00034248675,False,NV_as_MEL
C:\SKIN CANCER v2\final DS\images\NV\ISIC_0028378.jpg,NV,0,1,MEL,0.13341293,0.8665538,3.3297958e-05,False,NV_as_MEL
C:\SKIN CANCER v2\final DS\images\NV\ISIC_0028598.jpg,NV,0,1,MEL,0.37815708,0.6206629,0.0011799642,False,NV_as_MEL
C:\SKIN CANCER v2\final DS\images\NV\ISIC_0028599.jpg,NV,0,1,MEL,0.23203033,0.7394462,0.028523462,False,NV_as_MEL
C:\SKIN CANCER v2\final DS\images\NV\ISIC_0028645.jpg,NV,0,1,MEL,0.11303814,0.4529327,0.4340292,False,NV_as_MEL
C:\SKIN CANCER v2\final DS\images\NV\ISIC_0028737.jpg,NV,0,2,BCC,0.04241009,0.0014322564,0.9561576,False,NV_as_BCC
C:\SKIN CANCER v2\final DS\images\NV\ISIC_0028834.jpg,NV,0,1,MEL,0.43120688,0.5681514,0.000641675,False,NV_as_MEL
C:\SKIN CANCER v2\final DS\images\NV\ISIC_0029145.jpg,NV,0,2,BCC,0.20238617,0.16857739,0.6290364,False,NV_as_BCC
C:\SKIN CANCER v2\final DS\images\NV\ISIC_0029277.jpg,NV,0,1,MEL,0.39599204,0.60249704,0.0015109254,False,NV_as_MEL
C:\SKIN CANCER v2\final DS\images\NV\ISIC_0029382.jpg,NV,0,2,BCC,0.15952446,0.12057682,0.7198987,False,NV_as_BCC
C:\SKIN CANCER v2\final DS\images\NV\ISIC_0029389.jpg,NV,0,1,MEL,0.21607007,0.7300035,0.053926453,False,NV_as_MEL
C:\SKIN CANCER v2\final DS\images\NV\ISIC_0029441.jpg,NV,0,2,BCC,0.43125865,0.07708085,0.49166048,False,NV_as_BCC
C:\SKIN CANCER v2\final DS\images\NV\ISIC_0029452.jpg,NV,0,1,MEL,0.008229637,0.99177015,2.8501287e-07,False,NV_as_MEL
C:\SKIN CANCER v2\final DS\images\NV\ISIC_0029725.jpg,NV,0,1,MEL,0.27611762,0.72359675,0.00028563672,False,NV_as_MEL
C:\SKIN CANCER v2\final DS\images\NV\ISIC_0029835.jpg,NV,0,1,MEL,0.26031318,0.73965144,3.541434e-05,False,NV_as_MEL
C:\SKIN CANCER v2\final DS\images\NV\ISIC_0029978.jpg,NV,0,1,MEL,0.23472889,0.73661786,0.028653266,False,NV_as_MEL
C:\SKIN CANCER v2\final DS\images\NV\ISIC_0029985.jpg,NV,0,1,MEL,0.25820276,0.665797,0.07600024,False,NV_as_MEL
C:\SKIN CANCER v2\final DS\images\NV\ISIC_0030057.jpg,NV,0,2,BCC,0.058748458,0.00046912982,0.9407824,False,NV_as_BCC
C:\SKIN CANCER v2\final DS\images\NV\ISIC_0030065.jpg,NV,0,1,MEL,0.028702488,0.97090775,0.00038975556,False,NV_as_MEL
C:\SKIN CANCER v2\final DS\images\NV\ISIC_0030093.jpg,NV,0,2,BCC,0.042187735,0.06743667,0.8903755,False,NV_as_BCC
C:\SKIN CANCER v2\final DS\images\NV\ISIC_0030334.jpg,NV,0,1,MEL,0.38887224,0.6109495,0.00017830473,False,NV_as_MEL
C:\SKIN CANCER v2\final DS\images\NV\ISIC_0030358.jpg,NV,0,1,MEL,0.4770627,0.5225916,0.00034569553,False,NV_as_MEL
C:\SKIN CANCER v2\final DS\images\NV\ISIC_0030492.jpg,NV,0,1,MEL,0.25012153,0.7498354,4.3062293e-05,False,NV_as_MEL
C:\SKIN CANCER v2\final DS\images\NV\ISIC_0030535.jpg,NV,0,1,MEL,0.38560972,0.58753866,0.02685166,False,NV_as_MEL
C:\SKIN CANCER v2\final DS\images\NV\ISIC_0030771.jpg,NV,0,1,MEL,0.2957209,0.70417917,9.9949335e-05,False,NV_as_MEL
C:\SKIN CANCER v2\final DS\images\NV\ISIC_0030772.jpg,NV,0,1,MEL,0.48276818,0.5172189,1.287586e-05,False,NV_as_MEL
C:\SKIN CANCER v2\final DS\images\NV\ISIC_0030809.jpg,NV,0,1,MEL,0.18252872,0.8102588,0.0072124694,False,NV_as_MEL
C:\SKIN CANCER v2\final DS\images\NV\ISIC_0030841.jpg,NV,0,1,MEL,0.025173746,0.9747697,5.6514524e-05,False,NV_as_MEL
C:\SKIN CANCER v2\final DS\images\NV\ISIC_0031031.jpg,NV,0,1,MEL,0.18747087,0.8096349,0.0028942383,False,NV_as_MEL
C:\SKIN CANCER v2\final DS\images\NV\ISIC_0031091.jpg,NV,0,1,MEL,0.09133125,0.55075914,0.35790965,False,NV_as_MEL
C:\SKIN CANCER v2\final DS\images\NV\ISIC_0031354.jpg,NV,0,1,MEL,0.22790845,0.7718969,0.00019461286,False,NV_as_MEL
C:\SKIN CANCER v2\final DS\images\NV\ISIC_0031411.jpg,NV,0,1,MEL,0.087020956,0.9128515,0.00012757091,False,NV_as_MEL
C:\SKIN CANCER v2\final DS\images\NV\ISIC_0031462.jpg,NV,0,1,MEL,0.13120238,0.86848515,0.0003123922,False,NV_as_MEL
C:\SKIN CANCER v2\final DS\images\NV\ISIC_0031567.jpg,NV,0,1,MEL,0.3699593,0.6288692,0.0011714982,False,NV_as_MEL
C:\SKIN CANCER v2\final DS\images\NV\ISIC_0031742.jpg,NV,0,1,MEL,0.3947666,0.5995581,0.0056752674,False,NV_as_MEL
C:\SKIN CANCER v2\final DS\images\NV\ISIC_0032107.jpg,NV,0,1,MEL,0.3300607,0.6690135,0.0009258175,False,NV_as_MEL
C:\SKIN CANCER v2\final DS\images\NV\ISIC_0032311.jpg,NV,0,1,MEL,0.44799477,0.551945,6.0282553e-05,False,NV_as_MEL
C:\SKIN CANCER v2\final DS\images\NV\ISIC_0032327.jpg,NV,0,1,MEL,0.2440718,0.7554696,0.0004586054,False,NV_as_MEL
C:\SKIN CANCER v2\final DS\images\NV\ISIC_0032376.jpg,NV,0,2,BCC,0.41320032,0.0073061027,0.5794936,False,NV_as_BCC
C:\SKIN CANCER v2\final DS\images\NV\ISIC_0032387.jpg,NV,0,1,MEL,0.27090555,0.7288725,0.0002219873,False,NV_as_MEL
C:\SKIN CANCER v2\final DS\images\NV\ISIC_0032519.jpg,NV,0,2,BCC,0.3576784,0.020783143,0.6215385,False,NV_as_BCC
C:\SKIN CANCER v2\final DS\images\NV\ISIC_0032565.jpg,NV,0,1,MEL,0.29884982,0.70110327,4.6968496e-05,False,NV_as_MEL
C:\SKIN CANCER v2\final DS\images\NV\ISIC_0032619.jpg,NV,0,2,BCC,0.24305448,0.22497016,0.5319753,False,NV_as_BCC
C:\SKIN CANCER v2\final DS\images\NV\ISIC_0032646.jpg,NV,0,1,MEL,0.21766774,0.7801925,0.0021397609,False,NV_as_MEL
C:\SKIN CANCER v2\final DS\images\NV\ISIC_0032673.jpg,NV,0,1,MEL,0.4346106,0.56451833,0.0008711075,False,NV_as_MEL
C:\SKIN CANCER v2\final DS\images\NV\ISIC_0032704.jpg,NV,0,1,MEL,0.09656386,0.90339065,4.5553825e-05,False,NV_as_MEL
C:\SKIN CANCER v2\final DS\images\NV\ISIC_0033289.jpg,NV,0,1,MEL,0.0491299,0.95083797,3.216046e-05,False,NV_as_MEL
C:\SKIN CANCER v2\final DS\images\NV\ISIC_0033314.jpg,NV,0,1,MEL,0.34523737,0.65467197,9.061428e-05,False,NV_as_MEL
C:\SKIN CANCER v2\final DS\images\NV\ISIC_0033338.jpg,NV,0,1,MEL,0.17745094,0.8185581,0.003991006,False,NV_as_MEL
C:\SKIN CANCER v2\final DS\images\NV\ISIC_0033360.jpg,NV,0,1,MEL,0.46441627,0.5343455,0.0012381678,False,NV_as_MEL
C:\SKIN CANCER v2\final DS\images\NV\ISIC_0033404.jpg,NV,0,1,MEL,0.43704927,0.5614249,0.0015258024,False,NV_as_MEL
C:\SKIN CANCER v2\final DS\images\NV\ISIC_0033478.jpg,NV,0,1,MEL,0.3417487,0.6540305,0.004220749,False,NV_as_MEL
C:\SKIN CANCER v2\final DS\images\NV\ISIC_0033484.jpg,NV,0,1,MEL,0.34008437,0.65894765,0.0009679785,False,NV_as_MEL
C:\SKIN CANCER v2\final DS\images\NV\ISIC_0033589.jpg,NV,0,1,MEL,0.4546814,0.54503226,0.000286368,False,NV_as_MEL
C:\SKIN CANCER v2\final DS\images\NV\ISIC_0033684.jpg,NV,0,1,MEL,0.3873757,0.6122996,0.00032464092,False,NV_as_MEL
C:\SKIN CANCER v2\final DS\images\NV\ISIC_0033740.jpg,NV,0,1,MEL,0.3733362,0.6203477,0.00631616,False,NV_as_MEL
C:\SKIN CANCER v2\final DS\images\NV\ISIC_0033764.jpg,NV,0,1,MEL,0.051090986,0.9489031,5.936806e-06,False,NV_as_MEL
C:\SKIN CANCER v2\final DS\images\NV\ISIC_0033888.jpg,NV,0,1,MEL,0.36652416,0.63321537,0.0002604212,False,NV_as_MEL
C:\SKIN CANCER v2\final DS\images\NV\ISIC_0033934.jpg,NV,0,1,MEL,0.23860644,0.7605324,0.00086125615,False,NV_as_MEL
C:\SKIN CANCER v2\final DS\images\NV\ISIC_0034014.jpg,NV,0,1,MEL,0.45914048,0.54085565,3.9108218e-06,False,NV_as_MEL
C:\SKIN CANCER v2\final DS\images\NV\ISIC_0034027.jpg,NV,0,1,MEL,0.33333623,0.6662571,0.00040665126,False,NV_as_MEL
C:\SKIN CANCER v2\final DS\images\NV\ISIC_0034090.jpg,NV,0,2,BCC,0.022172866,0.014493573,0.9633335,False,NV_as_BCC
C:\SKIN CANCER v2\final DS\images\NV\ISIC_0034108.jpg,NV,0,1,MEL,0.49153453,0.49260858,0.015856849,False,NV_as_MEL
C:\SKIN CANCER v2\final DS\images\NV\ISIC_0034190.jpg,NV,0,2,BCC,0.4652006,0.0060279877,0.5287714,False,NV_as_BCC
C:\SKIN CANCER v2\final DS\images\NV\ISIC_0034288.jpg,NV,0,1,MEL,0.30236235,0.6968233,0.0008144199,False,NV_as_MEL
C:\SKIN CANCER v2\final DS\images\NV\ISIC_0034297.jpg,NV,0,1,MEL,0.2782964,0.72005296,0.0016506162,False,NV_as_MEL
C:\SKIN CANCER v2\final DS\images\NV\ISIC_0053645.jpg,NV,0,1,MEL,0.13356492,0.86602855,0.00040656593,False,NV_as_MEL
C:\SKIN CANCER v2\final DS\images\NV\ISIC_0053652.jpg,NV,0,1,MEL,0.45912775,0.54034907,0.00052317086,False,NV_as_MEL
C:\SKIN CANCER v2\final DS\images\NV\ISIC_0053729.jpg,NV,0,1,MEL,0.4274185,0.4367385,0.13584304,False,NV_as_MEL
C:\SKIN CANCER v2\final DS\images\NV\ISIC_0053732.jpg,NV,0,1,MEL,0.37023467,0.629484,0.0002813687,False,NV_as_MEL
C:\SKIN CANCER v2\final DS\images\NV\ISIC_0053845.jpg,NV,0,1,MEL,0.4590609,0.5398286,0.001110529,False,NV_as_MEL
C:\SKIN CANCER v2\final DS\images\NV\ISIC_0053948.jpg,NV,0,1,MEL,0.0008449484,0.9991547,3.3820226e-07,False,NV_as_MEL
C:\SKIN CANCER v2\final DS\images\NV\ISIC_0054166.jpg,NV,0,1,MEL,0.27698174,0.7229314,8.682144e-05,False,NV_as_MEL
C:\SKIN CANCER v2\final DS\images\NV\ISIC_0054557.jpg,NV,0,1,MEL,0.009521922,0.9858964,0.004581723,False,NV_as_MEL
C:\SKIN CANCER v2\final DS\images\NV\ISIC_0054576.jpg,NV,0,1,MEL,0.46527156,0.53469574,3.2689528e-05,False,NV_as_MEL
C:\SKIN CANCER v2\final DS\images\NV\ISIC_0054741.jpg,NV,0,2,BCC,0.12098289,0.14733219,0.731685,False,NV_as_BCC
C:\SKIN CANCER v2\final DS\images\NV\ISIC_0054758.jpg,NV,0,2,BCC,0.00033258437,1.6874925e-05,0.9996505,False,NV_as_BCC
C:\SKIN CANCER v2\final DS\images\NV\ISIC_0055133.jpg,NV,0,1,MEL,0.45581174,0.543693,0.0004952215,False,NV_as_MEL
C:\SKIN CANCER v2\final DS\images\NV\ISIC_0055395.jpg,NV,0,2,BCC,0.09726365,0.005208395,0.897528,False,NV_as_BCC
C:\SKIN CANCER v2\final DS\images\NV\ISIC_0055551.jpg,NV,0,2,BCC,0.011859676,0.25582722,0.73231304,False,NV_as_BCC
C:\SKIN CANCER v2\final DS\images\NV\ISIC_0055749.jpg,NV,0,1,MEL,0.1276491,0.73195326,0.14039762,False,NV_as_MEL
C:\SKIN CANCER v2\final DS\images\NV\ISIC_0055880.jpg,NV,0,1,MEL,0.09411006,0.90588176,8.255641e-06,False,NV_as_MEL
C:\SKIN CANCER v2\final DS\images\NV\ISIC_0056077.jpg,NV,0,2,BCC,0.00936921,5.3503107e-05,0.99057734,False,NV_as_BCC
C:\SKIN CANCER v2\final DS\images\NV\ISIC_0056256.jpg,NV,0,1,MEL,0.064930804,0.93469113,0.0003780884,False,NV_as_MEL
C:\SKIN CANCER v2\final DS\images\NV\ISIC_0056418.jpg,NV,0,1,MEL,0.12781936,0.8718214,0.00035918827,False,NV_as_MEL
C:\SKIN CANCER v2\final DS\images\NV\ISIC_0056512.jpg,NV,0,1,MEL,0.010449991,0.98954993,4.8349964e-08,False,NV_as_MEL
C:\SKIN CANCER v2\final DS\images\NV\ISIC_0056807.jpg,NV,0,1,MEL,0.041400947,0.9585024,9.6653224e-05,False,NV_as_MEL
C:\SKIN CANCER v2\final DS\images\NV\ISIC_0057059.jpg,NV,0,1,MEL,0.23263988,0.7620923,0.005267875,False,NV_as_MEL
C:\SKIN CANCER v2\final DS\images\NV\ISIC_0057066.jpg,NV,0,2,BCC,0.43896556,0.001654051,0.55938035,False,NV_as_BCC
C:\SKIN CANCER v2\final DS\images\NV\ISIC_0057071.jpg,NV,0,1,MEL,0.2083957,0.78560156,0.0060027028,False,NV_as_MEL
C:\SKIN CANCER v2\final DS\images\NV\ISIC_0057102.jpg,NV,0,1,MEL,0.3718466,0.6281312,2.2192784e-05,False,NV_as_MEL
C:\SKIN CANCER v2\final DS\images\NV\ISIC_0057562.jpg,NV,0,2,BCC,0.033575587,0.0831707,0.88325363,False,NV_as_BCC
C:\SKIN CANCER v2\final DS\images\NV\ISIC_0057651.jpg,NV,0,1,MEL,0.0070525818,0.9909436,0.0020038714,False,NV_as_MEL
C:\SKIN CANCER v2\final DS\images\NV\ISIC_0057873.jpg,NV,0,1,MEL,0.058335837,0.9414155,0.0002486445,False,NV_as_MEL
C:\SKIN CANCER v2\final DS\images\NV\ISIC_0058042.jpg,NV,0,1,MEL,0.20717028,0.791173,0.0016566821,False,NV_as_MEL
C:\SKIN CANCER v2\final DS\images\NV\ISIC_0058099.jpg,NV,0,1,MEL,0.08946077,0.8825851,0.027954094,False,NV_as_MEL
C:\SKIN CANCER v2\final DS\images\NV\ISIC_0058191.jpg,NV,0,2,BCC,0.027828343,0.025103455,0.94706815,False,NV_as_BCC
C:\SKIN CANCER v2\final DS\images\NV\ISIC_0058495.jpg,NV,0,1,MEL,0.17267978,0.7938051,0.033515055,False,NV_as_MEL
C:\SKIN CANCER v2\final DS\images\NV\ISIC_0058499.jpg,NV,0,1,MEL,0.01966041,0.9802626,7.698286e-05,False,NV_as_MEL
C:\SKIN CANCER v2\final DS\images\NV\ISIC_0058879.jpg,NV,0,1,MEL,0.42436665,0.5691875,0.0064458833,False,NV_as_MEL
C:\SKIN CANCER v2\final DS\images\NV\ISIC_0058998.jpg,NV,0,2,BCC,0.001023559,8.343295e-06,0.9989681,False,NV_as_BCC
C:\SKIN CANCER v2\final DS\images\NV\ISIC_0059045.jpg,NV,0,1,MEL,0.40752295,0.584507,0.00797004,False,NV_as_MEL
C:\SKIN CANCER v2\final DS\images\NV\ISIC_0059122.jpg,NV,0,2,BCC,0.01038935,0.00010040159,0.9895103,False,NV_as_BCC
C:\SKIN CANCER v2\final DS\images\NV\ISIC_0059341.jpg,NV,0,1,MEL,0.48406222,0.5155121,0.00042568133,False,NV_as_MEL
C:\SKIN CANCER v2\final DS\images\NV\ISIC_0059533.jpg,NV,0,1,MEL,0.0018400899,0.99812573,3.4126908e-05,False,NV_as_MEL
C:\SKIN CANCER v2\final DS\images\NV\ISIC_0059635.jpg,NV,0,1,MEL,0.12468985,0.8753101,7.178851e-08,False,NV_as_MEL
C:\SKIN CANCER v2\final DS\images\NV\ISIC_0059699.jpg,NV,0,1,MEL,0.28991517,0.7098857,0.00019911837,False,NV_as_MEL
C:\SKIN CANCER v2\final DS\images\NV\ISIC_0059870.jpg,NV,0,1,MEL,0.034188658,0.9655888,0.00022251013,False,NV_as_MEL
C:\SKIN CANCER v2\final DS\images\NV\ISIC_0060171.jpg,NV,0,1,MEL,0.3852677,0.5088989,0.105833374,False,NV_as_MEL
C:\SKIN CANCER v2\final DS\images\NV\ISIC_0060468.jpg,NV,0,1,MEL,0.17356719,0.4942587,0.33217403,False,NV_as_MEL
C:\SKIN CANCER v2\final DS\images\NV\ISIC_0060592.jpg,NV,0,1,MEL,0.053207185,0.9430205,0.003772339,False,NV_as_MEL
C:\SKIN CANCER v2\final DS\images\NV\ISIC_0060646.jpg,NV,0,2,BCC,0.11345309,0.010938722,0.87560827,False,NV_as_BCC
C:\SKIN CANCER v2\final DS\images\NV\ISIC_0060669.jpg,NV,0,1,MEL,0.44291186,0.55699176,9.6419135e-05,False,NV_as_MEL
C:\SKIN CANCER v2\final DS\images\NV\ISIC_0060730.jpg,NV,0,2,BCC,0.027821025,0.0006198064,0.97155917,False,NV_as_BCC
C:\SKIN CANCER v2\final DS\images\NV\ISIC_0060732.jpg,NV,0,1,MEL,0.43649697,0.5587709,0.0047321473,False,NV_as_MEL
C:\SKIN CANCER v2\final DS\images\NV\ISIC_0060930.jpg,NV,0,1,MEL,0.035413846,0.96343195,0.0011542086,False,NV_as_MEL
C:\SKIN CANCER v2\final DS\images\NV\ISIC_0061111.jpg,NV,0,1,MEL,0.32747173,0.67236465,0.00016366818,False,NV_as_MEL
C:\SKIN CANCER v2\final DS\images\NV\ISIC_0061221.jpg,NV,0,2,BCC,0.0016802405,1.8893215e-07,0.99831945,False,NV_as_BCC
C:\SKIN CANCER v2\final DS\images\NV\ISIC_0061330.jpg,NV,0,1,MEL,0.26467612,0.73523927,8.4661515e-05,False,NV_as_MEL
C:\SKIN CANCER v2\final DS\images\NV\ISIC_0061395.jpg,NV,0,1,MEL,0.3837929,0.5694081,0.046799008,False,NV_as_MEL
C:\SKIN CANCER v2\final DS\images\NV\ISIC_0061398.jpg,NV,0,1,MEL,0.19274606,0.807226,2.796941e-05,False,NV_as_MEL
C:\SKIN CANCER v2\final DS\images\NV\ISIC_0061457.jpg,NV,0,1,MEL,0.18498932,0.8148438,0.00016693535,False,NV_as_MEL
C:\SKIN CANCER v2\final DS\images\NV\ISIC_0061460.jpg,NV,0,1,MEL,0.39427233,0.60544753,0.00028014492,False,NV_as_MEL
C:\SKIN CANCER v2\final DS\images\NV\ISIC_0061742.jpg,NV,0,2,BCC,0.3630402,0.044338007,0.59262174,False,NV_as_BCC
C:\SKIN CANCER v2\final DS\images\NV\ISIC_0061795.jpg,NV,0,1,MEL,0.2953018,0.69552714,0.009171078,False,NV_as_MEL
C:\SKIN CANCER v2\final DS\images\NV\ISIC_0062050.jpg,NV,0,1,MEL,0.31511018,0.68264234,0.0022475244,False,NV_as_MEL
C:\SKIN CANCER v2\final DS\images\NV\ISIC_0062132.jpg,NV,0,2,BCC,0.04243441,0.26534554,0.69222003,False,NV_as_BCC
C:\SKIN CANCER v2\final DS\images\NV\ISIC_0062142.jpg,NV,0,1,MEL,0.08469423,0.9142305,0.0010753057,False,NV_as_MEL
C:\SKIN CANCER v2\final DS\images\NV\ISIC_0062185.jpg,NV,0,1,MEL,0.46613324,0.52965015,0.0042166384,False,NV_as_MEL
C:\SKIN CANCER v2\final DS\images\NV\ISIC_0062402.jpg,NV,0,1,MEL,0.0031598473,0.9966593,0.00018093437,False,NV_as_MEL
C:\SKIN CANCER v2\final DS\images\NV\ISIC_0062503.jpg,NV,0,2,BCC,0.002930114,2.5223762e-05,0.99704474,False,NV_as_BCC
C:\SKIN CANCER v2\final DS\images\NV\ISIC_0062635.jpg,NV,0,2,BCC,0.00032242382,0.0006331599,0.9990445,False,NV_as_BCC
C:\SKIN CANCER v2\final DS\images\NV\ISIC_0062750.jpg,NV,0,1,MEL,0.44174463,0.49391302,0.064342335,False,NV_as_MEL
C:\SKIN CANCER v2\final DS\images\NV\ISIC_0062828.jpg,NV,0,2,BCC,0.32305515,0.008999907,0.667945,False,NV_as_BCC
C:\SKIN CANCER v2\final DS\images\NV\ISIC_0062906.jpg,NV,0,2,BCC,0.25032935,0.059300795,0.6903699,False,NV_as_BCC
C:\SKIN CANCER v2\final DS\images\NV\ISIC_0063020.jpg,NV,0,2,BCC,0.30429837,0.03638445,0.6593172,False,NV_as_BCC
C:\SKIN CANCER v2\final DS\images\NV\ISIC_0063128.jpg,NV,0,2,BCC,0.41128933,0.008725224,0.5799855,False,NV_as_BCC
C:\SKIN CANCER v2\final DS\images\NV\ISIC_0063294.jpg,NV,0,1,MEL,0.22057213,0.76377285,0.015655007,False,NV_as_MEL
C:\SKIN CANCER v2\final DS\images\NV\ISIC_0063374.jpg,NV,0,1,MEL,0.26323286,0.7363017,0.00046541155,False,NV_as_MEL
C:\SKIN CANCER v2\final DS\images\NV\ISIC_0063420.jpg,NV,0,2,BCC,7.479236e-05,7.4462485e-05,0.99985075,False,NV_as_BCC
C:\SKIN CANCER v2\final DS\images\NV\ISIC_0063516.jpg,NV,0,1,MEL,0.45425138,0.5447742,0.00097444025,False,NV_as_MEL
C:\SKIN CANCER v2\final DS\images\NV\ISIC_0063705.jpg,NV,0,1,MEL,0.33218333,0.6663756,0.001441125,False,NV_as_MEL
C:\SKIN CANCER v2\final DS\images\NV\ISIC_0064306.jpg,NV,0,1,MEL,0.01801209,0.98047316,0.001514705,False,NV_as_MEL
C:\SKIN CANCER v2\final DS\images\NV\ISIC_0064316.jpg,NV,0,1,MEL,0.07125587,0.897962,0.030782204,False,NV_as_MEL
C:\SKIN CANCER v2\final DS\images\NV\ISIC_0064365.jpg,NV,0,1,MEL,0.16070217,0.837893,0.0014048369,False,NV_as_MEL
C:\SKIN CANCER v2\final DS\images\NV\ISIC_0064485.jpg,NV,0,2,BCC,0.028887609,2.344833e-06,0.97111005,False,NV_as_BCC
C:\SKIN CANCER v2\final DS\images\NV\ISIC_0064488.jpg,NV,0,1,MEL,0.16606112,0.8321137,0.0018252302,False,NV_as_MEL
C:\SKIN CANCER v2\final DS\images\NV\ISIC_0064663.jpg,NV,0,1,MEL,0.45275196,0.54692346,0.0003245497,False,NV_as_MEL
C:\SKIN CANCER v2\final DS\images\NV\ISIC_0064903.jpg,NV,0,1,MEL,0.16569935,0.8243389,0.009961744,False,NV_as_MEL
C:\SKIN CANCER v2\final DS\images\NV\ISIC_0065323.jpg,NV,0,1,MEL,0.020760307,0.6876509,0.29158884,False,NV_as_MEL
C:\SKIN CANCER v2\final DS\images\NV\ISIC_0065372.jpg,NV,0,1,MEL,0.25189534,0.7478209,0.00028378353,False,NV_as_MEL
C:\SKIN CANCER v2\final DS\images\NV\ISIC_0065486.jpg,NV,0,2,BCC,0.097974,0.0005336804,0.90149236,False,NV_as_BCC
C:\SKIN CANCER v2\final DS\images\NV\ISIC_0065623.jpg,NV,0,1,MEL,0.3591161,0.6406832,0.0002007307,False,NV_as_MEL
C:\SKIN CANCER v2\final DS\images\NV\ISIC_0065836.jpg,NV,0,1,MEL,0.33737597,0.6623213,0.0003027111,False,NV_as_MEL
C:\SKIN CANCER v2\final DS\images\NV\ISIC_0065847.jpg,NV,0,1,MEL,0.40463552,0.5952441,0.00012039384,False,NV_as_MEL
C:\SKIN CANCER v2\final DS\images\NV\ISIC_0066034.jpg,NV,0,2,BCC,0.2646947,0.00060983683,0.73469543,False,NV_as_BCC
C:\SKIN CANCER v2\final DS\images\NV\ISIC_0066096.jpg,NV,0,2,BCC,0.21986654,0.0048835585,0.7752499,False,NV_as_BCC
C:\SKIN CANCER v2\final DS\images\NV\ISIC_0066405.jpg,NV,0,1,MEL,0.46268767,0.49773046,0.039581817,False,NV_as_MEL
C:\SKIN CANCER v2\final DS\images\NV\ISIC_0066635.jpg,NV,0,1,MEL,0.30269137,0.6934452,0.0038634373,False,NV_as_MEL
C:\SKIN CANCER v2\final DS\images\NV\ISIC_0066784.jpg,NV,0,1,MEL,0.037866835,0.9617806,0.0003525513,False,NV_as_MEL
C:\SKIN CANCER v2\final DS\images\NV\ISIC_0066919.jpg,NV,0,1,MEL,0.120346345,0.8783793,0.0012744297,False,NV_as_MEL
C:\SKIN CANCER v2\final DS\images\NV\ISIC_0066926.jpg,NV,0,2,BCC,0.014800833,5.16124e-05,0.98514766,False,NV_as_BCC
C:\SKIN CANCER v2\final DS\images\NV\ISIC_0066975.jpg,NV,0,1,MEL,0.11074728,0.8892361,1.6642793e-05,False,NV_as_MEL
C:\SKIN CANCER v2\final DS\images\NV\ISIC_0067007.jpg,NV,0,1,MEL,0.1765693,0.54211843,0.28131232,False,NV_as_MEL
C:\SKIN CANCER v2\final DS\images\NV\ISIC_0067017.jpg,NV,0,1,MEL,0.34223256,0.6576663,0.00010112514,False,NV_as_MEL
C:\SKIN CANCER v2\final DS\images\NV\ISIC_0067067.jpg,NV,0,1,MEL,0.00093893794,0.9985972,0.00046387067,False,NV_as_MEL
C:\SKIN CANCER v2\final DS\images\NV\ISIC_0067226.jpg,NV,0,1,MEL,0.08875607,0.9063519,0.0048920554,False,NV_as_MEL
C:\SKIN CANCER v2\final DS\images\NV\ISIC_0067242.jpg,NV,0,1,MEL,0.017324153,0.97888345,0.0037924435,False,NV_as_MEL
C:\SKIN CANCER v2\final DS\images\NV\ISIC_0067390.jpg,NV,0,2,BCC,0.03615718,0.04635719,0.91748554,False,NV_as_BCC
C:\SKIN CANCER v2\final DS\images\NV\ISIC_0067533.jpg,NV,0,2,BCC,0.0006031202,1.2858823e-05,0.99938405,False,NV_as_BCC
C:\SKIN CANCER v2\final DS\images\NV\ISIC_0068130.jpg,NV,0,2,BCC,0.21038947,0.090444975,0.69916564,False,NV_as_BCC
C:\SKIN CANCER v2\final DS\images\NV\ISIC_0068151.jpg,NV,0,1,MEL,0.43586197,0.5607437,0.0033943392,False,NV_as_MEL
C:\SKIN CANCER v2\final DS\images\NV\ISIC_0068538.jpg,NV,0,1,MEL,0.054560516,0.8943987,0.051040772,False,NV_as_MEL
C:\SKIN CANCER v2\final DS\images\NV\ISIC_0068540.jpg,NV,0,1,MEL,0.3512517,0.64873236,1.592579e-05,False,NV_as_MEL
C:\SKIN CANCER v2\final DS\images\NV\ISIC_0068711.jpg,NV,0,1,MEL,0.039568808,0.96019566,0.0002355208,False,NV_as_MEL
C:\SKIN CANCER v2\final DS\images\NV\ISIC_0068735.jpg,NV,0,1,MEL,0.0028784163,0.9970873,3.4274675e-05,False,NV_as_MEL
C:\SKIN CANCER v2\final DS\images\NV\ISIC_0068741.jpg,NV,0,2,BCC,0.097759485,0.008126583,0.8941139,False,NV_as_BCC
C:\SKIN CANCER v2\final DS\images\NV\ISIC_0068863.jpg,NV,0,1,MEL,0.4144824,0.45595062,0.12956695,False,NV_as_MEL
C:\SKIN CANCER v2\final DS\images\NV\ISIC_0068919.jpg,NV,0,1,MEL,0.08774268,0.9122562,1.1488714e-06,False,NV_as_MEL
C:\SKIN CANCER v2\final DS\images\NV\ISIC_0068944.jpg,NV,0,2,BCC,0.47126856,0.025829952,0.50290155,False,NV_as_BCC
C:\SKIN CANCER v2\final DS\images\NV\ISIC_0068959.jpg,NV,0,2,BCC,0.0579641,7.1425455e-07,0.94203526,False,NV_as_BCC
C:\SKIN CANCER v2\final DS\images\NV\ISIC_0069095.jpg,NV,0,1,MEL,0.22720838,0.76565194,0.0071397508,False,NV_as_MEL
C:\SKIN CANCER v2\final DS\images\NV\ISIC_0069142.jpg,NV,0,1,MEL,0.3332698,0.6667171,1.3078551e-05,False,NV_as_MEL
C:\SKIN CANCER v2\final DS\images\NV\ISIC_0069247.jpg,NV,0,1,MEL,0.22243404,0.7774067,0.00015925629,False,NV_as_MEL
C:\SKIN CANCER v2\final DS\images\NV\ISIC_0069351.jpg,NV,0,1,MEL,0.03791635,0.9600467,0.0020369603,False,NV_as_MEL
C:\SKIN CANCER v2\final DS\images\NV\ISIC_0069603.jpg,NV,0,2,BCC,0.47272882,0.01730286,0.5099684,False,NV_as_BCC
C:\SKIN CANCER v2\final DS\images\NV\ISIC_0069687.jpg,NV,0,1,MEL,0.058861095,0.92362666,0.017512267,False,NV_as_MEL
C:\SKIN CANCER v2\final DS\images\NV\ISIC_0069700.jpg,NV,0,1,MEL,0.4913226,0.50822383,0.000453616,False,NV_as_MEL
C:\SKIN CANCER v2\final DS\images\NV\ISIC_0069842.jpg,NV,0,2,BCC,0.16784431,0.003321932,0.82883376,False,NV_as_BCC
C:\SKIN CANCER v2\final DS\images\NV\ISIC_0069844.jpg,NV,0,2,BCC,0.023536583,0.3814336,0.59502983,False,NV_as_BCC
C:\SKIN CANCER v2\final DS\images\NV\ISIC_0069862.jpg,NV,0,1,MEL,0.18220717,0.7988115,0.018981291,False,NV_as_MEL
C:\SKIN CANCER v2\final DS\images\NV\ISIC_0069901.jpg,NV,0,1,MEL,0.08473777,0.9080421,0.007220167,False,NV_as_MEL
C:\SKIN CANCER v2\final DS\images\NV\ISIC_0070280.jpg,NV,0,1,MEL,0.013245989,0.98675275,1.2379589e-06,False,NV_as_MEL
C:\SKIN CANCER v2\final DS\images\NV\ISIC_0070577.jpg,NV,0,1,MEL,0.06296242,0.93621194,0.00082558463,False,NV_as_MEL
C:\SKIN CANCER v2\final DS\images\NV\ISIC_0070579.jpg,NV,0,1,MEL,0.39057904,0.6090288,0.0003921553,False,NV_as_MEL
C:\SKIN CANCER v2\final DS\images\NV\ISIC_0070598.jpg,NV,0,2,BCC,0.19353643,0.005896144,0.80056745,False,NV_as_BCC
C:\SKIN CANCER v2\final DS\images\NV\ISIC_0070696.jpg,NV,0,1,MEL,0.106303684,0.8935056,0.00019073796,False,NV_as_MEL
C:\SKIN CANCER v2\final DS\images\NV\ISIC_0070819.jpg,NV,0,2,BCC,0.015953505,1.4415746e-06,0.984045,False,NV_as_BCC
C:\SKIN CANCER v2\final DS\images\NV\ISIC_0071091.jpg,NV,0,1,MEL,0.019814491,0.9785201,0.0016654182,False,NV_as_MEL
C:\SKIN CANCER v2\final DS\images\NV\ISIC_0071460.jpg,NV,0,2,BCC,0.29056728,0.022472305,0.6869604,False,NV_as_BCC
C:\SKIN CANCER v2\final DS\images\NV\ISIC_0071498.jpg,NV,0,1,MEL,0.41666174,0.58289605,0.00044222653,False,NV_as_MEL
C:\SKIN CANCER v2\final DS\images\NV\ISIC_0071564.jpg,NV,0,1,MEL,0.06779751,0.9319547,0.00024778498,False,NV_as_MEL
C:\SKIN CANCER v2\final DS\images\NV\ISIC_0071572.jpg,NV,0,1,MEL,0.102025315,0.6399539,0.2580208,False,NV_as_MEL
C:\SKIN CANCER v2\final DS\images\NV\ISIC_0071807.jpg,NV,0,2,BCC,0.07769605,0.0129320435,0.909372,False,NV_as_BCC
C:\SKIN CANCER v2\final DS\images\NV\ISIC_0071835.jpg,NV,0,2,BCC,0.1971031,3.5656456e-05,0.8028612,False,NV_as_BCC
C:\SKIN CANCER v2\final DS\images\NV\ISIC_0071881.jpg,NV,0,1,MEL,0.05802177,0.903135,0.038843203,False,NV_as_MEL
C:\SKIN CANCER v2\final DS\images\NV\ISIC_0071886.jpg,NV,0,1,MEL,0.058971755,0.9388706,0.0021576937,False,NV_as_MEL
C:\SKIN CANCER v2\final DS\images\NV\ISIC_0072005.jpg,NV,0,1,MEL,0.059810314,0.9089028,0.031286784,False,NV_as_MEL
C:\SKIN CANCER v2\final DS\images\NV\ISIC_0072210.jpg,NV,0,2,BCC,0.19138907,0.05413293,0.75447804,False,NV_as_BCC
C:\SKIN CANCER v2\final DS\images\NV\ISIC_0072552.jpg,NV,0,1,MEL,0.28057986,0.71734256,0.002077641,False,NV_as_MEL
C:\SKIN CANCER v2\final DS\images\NV\ISIC_0072579.jpg,NV,0,1,MEL,0.4771958,0.52225626,0.00054798543,False,NV_as_MEL
C:\SKIN CANCER v2\final DS\images\NV\ISIC_0073092.jpg,NV,0,1,MEL,0.30478433,0.6950887,0.00012695856,False,NV_as_MEL
C:\SKIN CANCER v2\final DS\images\NV\ISIC_0073159.jpg,NV,0,1,MEL,0.12439515,0.84393716,0.03166772,False,NV_as_MEL
C:\SKIN CANCER v2\final DS\images\NV\ISIC_0073171.jpg,NV,0,1,MEL,0.08492859,0.9145904,0.00048097517,False,NV_as_MEL
C:\SKIN CANCER v2\final DS\images\NV\ISIC_0073207.jpg,NV,0,1,MEL,0.19718026,0.794551,0.008268777,False,NV_as_MEL
C:\SKIN CANCER v2\final DS\images\MEL\ISIC_0000311.jpg,MEL,1,0,NV,0.5568516,0.44299114,0.00015727848,False,MEL_as_NV
C:\SKIN CANCER v2\final DS\images\MEL\ISIC_0000313.jpg,MEL,1,0,NV,0.9940904,0.0059088008,8.4446464e-07,False,MEL_as_NV
C:\SKIN CANCER v2\final DS\images\MEL\ISIC_0000513.jpg,MEL,1,0,NV,0.672957,0.31573635,0.0113066705,False,MEL_as_NV
C:\SKIN CANCER v2\final DS\images\MEL\ISIC_0009897.jpg,MEL,1,0,NV,0.67200357,0.32790413,9.228037e-05,False,MEL_as_NV
C:\SKIN CANCER v2\final DS\images\MEL\ISIC_0010860.jpg,MEL,1,0,NV,0.8772062,0.12276508,2.874352e-05,False,MEL_as_NV
C:\SKIN CANCER v2\final DS\images\MEL\ISIC_0011118.jpg,MEL,1,0,NV,0.60997874,0.33960918,0.050412122,False,MEL_as_NV
C:\SKIN CANCER v2\final DS\images\MEL\ISIC_0011350.jpg,MEL,1,0,NV,0.93743205,0.062348787,0.00021915168,False,MEL_as_NV
C:\SKIN CANCER v2\final DS\images\MEL\ISIC_0011390.jpg,MEL,1,0,NV,0.633109,0.36659506,0.00029590545,False,MEL_as_NV
C:\SKIN CANCER v2\final DS\images\MEL\ISIC_0012099_downsampled.jpg,MEL,1,0,NV,0.5519047,0.4474332,0.00066207687,False,MEL_as_NV
C:\SKIN CANCER v2\final DS\images\MEL\ISIC_0012258_downsampled.jpg,MEL,1,0,NV,0.99723035,0.002713493,5.6134497e-05,False,MEL_as_NV
C:\SKIN CANCER v2\final DS\images\MEL\ISIC_0012298_downsampled.jpg,MEL,1,0,NV,0.52939624,0.470601,2.824274e-06,False,MEL_as_NV
C:\SKIN CANCER v2\final DS\images\MEL\ISIC_0013141_downsampled.jpg,MEL,1,0,NV,0.9997447,0.00023276701,2.2473829e-05,False,MEL_as_NV
C:\SKIN CANCER v2\final DS\images\MEL\ISIC_0013258_downsampled.jpg,MEL,1,0,NV,0.99988663,0.000113298745,2.1401002e-10,False,MEL_as_NV
C:\SKIN CANCER v2\final DS\images\MEL\ISIC_0013334_downsampled.jpg,MEL,1,0,NV,0.5980232,0.40197462,2.1909411e-06,False,MEL_as_NV
C:\SKIN CANCER v2\final DS\images\MEL\ISIC_0013411_downsampled.jpg,MEL,1,0,NV,0.93959683,0.060391165,1.1979698e-05,False,MEL_as_NV
C:\SKIN CANCER v2\final DS\images\MEL\ISIC_0013472_downsampled.jpg,MEL,1,0,NV,0.53958046,0.46033648,8.31145e-05,False,MEL_as_NV
C:\SKIN CANCER v2\final DS\images\MEL\ISIC_0013565_downsampled.jpg,MEL,1,0,NV,0.8716297,0.12834844,2.180126e-05,False,MEL_as_NV
C:\SKIN CANCER v2\final DS\images\MEL\ISIC_0013617_downsampled.jpg,MEL,1,0,NV,0.72232133,0.2776712,7.4484765e-06,False,MEL_as_NV
C:\SKIN CANCER v2\final DS\images\MEL\ISIC_0013702_downsampled.jpg,MEL,1,0,NV,0.97124434,0.028745677,9.924476e-06,False,MEL_as_NV
C:\SKIN CANCER v2\final DS\images\MEL\ISIC_0013839_downsampled.jpg,MEL,1,0,NV,0.7006959,0.29565373,0.0036504462,False,MEL_as_NV
C:\SKIN CANCER v2\final DS\images\MEL\ISIC_0013969_downsampled.jpg,MEL,1,0,NV,0.90563047,0.0893296,0.0050398908,False,MEL_as_NV
C:\SKIN CANCER v2\final DS\images\MEL\ISIC_0014255_downsampled.jpg,MEL,1,0,NV,0.8643009,0.13569155,7.521169e-06,False,MEL_as_NV
C:\SKIN CANCER v2\final DS\images\MEL\ISIC_0014975_downsampled.jpg,MEL,1,0,NV,0.5815917,0.40418994,0.014218354,False,MEL_as_NV
C:\SKIN CANCER v2\final DS\images\MEL\ISIC_0015082_downsampled.jpg,MEL,1,0,NV,0.8602453,0.10035575,0.03939893,False,MEL_as_NV
C:\SKIN CANCER v2\final DS\images\MEL\ISIC_0015133_downsampled.jpg,MEL,1,0,NV,0.811554,0.18829505,0.00015094678,False,MEL_as_NV
C:\SKIN CANCER v2\final DS\images\MEL\ISIC_0025081.jpg,MEL,1,0,NV,0.9877796,0.012213805,6.65217e-06,False,MEL_as_NV
C:\SKIN CANCER v2\final DS\images\MEL\ISIC_0025316.jpg,MEL,1,0,NV,0.7723521,0.22661659,0.0010312749,False,MEL_as_NV
C:\SKIN CANCER v2\final DS\images\MEL\ISIC_0025409.jpg,MEL,1,2,BCC,0.13999991,0.21470284,0.6452972,False,MEL_as_BCC
C:\SKIN CANCER v2\final DS\images\MEL\ISIC_0025489.jpg,MEL,1,0,NV,0.83246106,0.16735739,0.00018154862,False,MEL_as_NV
C:\SKIN CANCER v2\final DS\images\MEL\ISIC_0025964.jpg,MEL,1,0,NV,0.91792077,0.08084597,0.0012332334,False,MEL_as_NV
C:\SKIN CANCER v2\final DS\images\MEL\ISIC_0026094.jpg,MEL,1,0,NV,0.56249213,0.2575759,0.17993201,False,MEL_as_NV
C:\SKIN CANCER v2\final DS\images\MEL\ISIC_0026475.jpg,MEL,1,0,NV,0.99478394,0.005208441,7.601069e-06,False,MEL_as_NV
C:\SKIN CANCER v2\final DS\images\MEL\ISIC_0026989.jpg,MEL,1,0,NV,0.99894696,0.0010528567,1.9509145e-07,False,MEL_as_NV
C:\SKIN CANCER v2\final DS\images\MEL\ISIC_0027282.jpg,MEL,1,0,NV,0.5754171,0.14183255,0.28275034,False,MEL_as_NV
C:\SKIN CANCER v2\final DS\images\MEL\ISIC_0027402.jpg,MEL,1,0,NV,0.99040586,0.007655219,0.0019388901,False,MEL_as_NV
C:\SKIN CANCER v2\final DS\images\MEL\ISIC_0027663.jpg,MEL,1,0,NV,0.66924167,0.32730666,0.003451671,False,MEL_as_NV
C:\SKIN CANCER v2\final DS\images\MEL\ISIC_0027797.jpg,MEL,1,0,NV,0.7736108,0.22537643,0.0010127474,False,MEL_as_NV
C:\SKIN CANCER v2\final DS\images\MEL\ISIC_0028017.jpg,MEL,1,0,NV,0.95684266,0.042895943,0.00026145688,False,MEL_as_NV
C:\SKIN CANCER v2\final DS\images\MEL\ISIC_0029021.jpg,MEL,1,0,NV,0.9310558,0.06665264,0.0022915395,False,MEL_as_NV
C:\SKIN CANCER v2\final DS\images\MEL\ISIC_0029570.jpg,MEL,1,0,NV,0.6985098,0.30130103,0.00018922838,False,MEL_as_NV
C:\SKIN CANCER v2\final DS\images\MEL\ISIC_0030129.jpg,MEL,1,0,NV,0.968075,0.031923838,1.1503673e-06,False,MEL_as_NV
C:\SKIN CANCER v2\final DS\images\MEL\ISIC_0030134.jpg,MEL,1,0,NV,0.70795006,0.2852321,0.0068178535,False,MEL_as_NV
C:\SKIN CANCER v2\final DS\images\MEL\ISIC_0030192.jpg,MEL,1,0,NV,0.74139637,0.21628773,0.04231594,False,MEL_as_NV
C:\SKIN CANCER v2\final DS\images\MEL\ISIC_0030521.jpg,MEL,1,0,NV,0.56915325,0.428392,0.0024547316,False,MEL_as_NV
C:\SKIN CANCER v2\final DS\images\MEL\ISIC_0030754.jpg,MEL,1,0,NV,0.9988979,0.0011011815,8.2140446e-07,False,MEL_as_NV
C:\SKIN CANCER v2\final DS\images\MEL\ISIC_0030818.jpg,MEL,1,0,NV,0.99133027,0.008669188,5.375231e-07,False,MEL_as_NV
C:\SKIN CANCER v2\final DS\images\MEL\ISIC_0031565.jpg,MEL,1,0,NV,0.9260665,0.073829815,0.00010367773,False,MEL_as_NV
C:\SKIN CANCER v2\final DS\images\MEL\ISIC_0031977.jpg,MEL,1,0,NV,0.9283789,0.071612395,8.720684e-06,False,MEL_as_NV
C:\SKIN CANCER v2\final DS\images\MEL\ISIC_0032072.jpg,MEL,1,2,BCC,0.030055668,0.14566746,0.8242769,False,MEL_as_BCC
C:\SKIN CANCER v2\final DS\images\MEL\ISIC_0032182.jpg,MEL,1,2,BCC,7.626411e-06,0.115827136,0.8841652,False,MEL_as_BCC
C:\SKIN CANCER v2\final DS\images\MEL\ISIC_0032433.jpg,MEL,1,0,NV,0.6154529,0.3830042,0.0015429559,False,MEL_as_NV
C:\SKIN CANCER v2\final DS\images\MEL\ISIC_0032533.jpg,MEL,1,0,NV,0.9774006,0.022557864,4.1584823e-05,False,MEL_as_NV
C:\SKIN CANCER v2\final DS\images\MEL\ISIC_0032645.jpg,MEL,1,0,NV,0.80692464,0.17375599,0.0193194,False,MEL_as_NV
C:\SKIN CANCER v2\final DS\images\MEL\ISIC_0032812.jpg,MEL,1,0,NV,0.97982943,0.019524401,0.00064611254,False,MEL_as_NV
C:\SKIN CANCER v2\final DS\images\MEL\ISIC_0032845.jpg,MEL,1,0,NV,0.63748217,0.35677037,0.0057474654,False,MEL_as_NV
C:\SKIN CANCER v2\final DS\images\MEL\ISIC_0032872.jpg,MEL,1,0,NV,0.85974133,0.13234144,0.007917204,False,MEL_as_NV
C:\SKIN CANCER v2\final DS\images\MEL\ISIC_0033004.jpg,MEL,1,0,NV,0.9338517,0.06610146,4.680339e-05,False,MEL_as_NV
C:\SKIN CANCER v2\final DS\images\MEL\ISIC_0033178.jpg,MEL,1,0,NV,0.8635557,0.09567906,0.040765252,False,MEL_as_NV
C:\SKIN CANCER v2\final DS\images\MEL\ISIC_0033216.jpg,MEL,1,0,NV,0.59845,0.4012488,0.00030117604,False,MEL_as_NV
C:\SKIN CANCER v2\final DS\images\MEL\ISIC_0033278.jpg,MEL,1,2,BCC,0.18640214,0.22031759,0.5932802,False,MEL_as_BCC
C:\SKIN CANCER v2\final DS\images\MEL\ISIC_0033619.jpg,MEL,1,0,NV,0.9936069,0.006108715,0.00028434143,False,MEL_as_NV
C:\SKIN CANCER v2\final DS\images\MEL\ISIC_0033653.jpg,MEL,1,0,NV,0.884982,0.115015,3.0729739e-06,False,MEL_as_NV
C:\SKIN CANCER v2\final DS\images\MEL\ISIC_0033679.jpg,MEL,1,0,NV,0.63645494,0.04419808,0.31934696,False,MEL_as_NV
C:\SKIN CANCER v2\final DS\images\MEL\ISIC_0033812.jpg,MEL,1,0,NV,0.8448674,0.15511228,2.0316107e-05,False,MEL_as_NV
C:\SKIN CANCER v2\final DS\images\MEL\ISIC_0033814.jpg,MEL,1,0,NV,0.8035184,0.1670308,0.029450739,False,MEL_as_NV
C:\SKIN CANCER v2\final DS\images\MEL\ISIC_0033820.jpg,MEL,1,2,BCC,0.24223906,0.14768244,0.61007845,False,MEL_as_BCC
C:\SKIN CANCER v2\final DS\images\MEL\ISIC_0033975.jpg,MEL,1,0,NV,0.7531024,0.22158387,0.025313742,False,MEL_as_NV
C:\SKIN CANCER v2\final DS\images\MEL\ISIC_0033980.jpg,MEL,1,0,NV,0.9408672,0.0590064,0.00012643894,False,MEL_as_NV
C:\SKIN CANCER v2\final DS\images\MEL\ISIC_0033986.jpg,MEL,1,0,NV,0.601046,0.39887118,8.275022e-05,False,MEL_as_NV
C:\SKIN CANCER v2\final DS\images\MEL\ISIC_0034065.jpg,MEL,1,0,NV,0.993985,0.00581791,0.00019708136,False,MEL_as_NV
C:\SKIN CANCER v2\final DS\images\MEL\ISIC_0034159.jpg,MEL,1,0,NV,0.7243871,0.27560508,7.806656e-06,False,MEL_as_NV
C:\SKIN CANCER v2\final DS\images\MEL\ISIC_0034317.jpg,MEL,1,0,NV,0.664472,0.3322532,0.0032748012,False,MEL_as_NV
C:\SKIN CANCER v2\final DS\images\MEL\ISIC_0053473.jpg,MEL,1,2,BCC,0.0003631754,0.04461162,0.9550252,False,MEL_as_BCC
C:\SKIN CANCER v2\final DS\images\MEL\ISIC_0053510.jpg,MEL,1,0,NV,0.98368305,0.016316704,2.0521792e-07,False,MEL_as_NV
C:\SKIN CANCER v2\final DS\images\MEL\ISIC_0053533.jpg,MEL,1,2,BCC,0.0005260316,0.01839647,0.9810775,False,MEL_as_BCC
C:\SKIN CANCER v2\final DS\images\MEL\ISIC_0053742.jpg,MEL,1,2,BCC,0.008295332,0.4717269,0.51997775,False,MEL_as_BCC
C:\SKIN CANCER v2\final DS\images\MEL\ISIC_0053791.jpg,MEL,1,2,BCC,0.016857864,0.29185733,0.6912848,False,MEL_as_BCC
C:\SKIN CANCER v2\final DS\images\MEL\ISIC_0053828.jpg,MEL,1,0,NV,0.97994083,0.019744841,0.0003143775,False,MEL_as_NV
C:\SKIN CANCER v2\final DS\images\MEL\ISIC_0054229.jpg,MEL,1,2,BCC,0.007828726,0.22265318,0.7695181,False,MEL_as_BCC
C:\SKIN CANCER v2\final DS\images\MEL\ISIC_0054364.jpg,MEL,1,0,NV,0.54901856,0.4508951,8.6389286e-05,False,MEL_as_NV
C:\SKIN CANCER v2\final DS\images\MEL\ISIC_0054444.jpg,MEL,1,0,NV,0.7866398,0.21333706,2.3156828e-05,False,MEL_as_NV
C:\SKIN CANCER v2\final DS\images\MEL\ISIC_0054465.jpg,MEL,1,2,BCC,0.018129732,0.15963832,0.822232,False,MEL_as_BCC
C:\SKIN CANCER v2\final DS\images\MEL\ISIC_0054756.jpg,MEL,1,2,BCC,0.06703339,0.19272721,0.7402394,False,MEL_as_BCC
C:\SKIN CANCER v2\final DS\images\MEL\ISIC_0054973.jpg,MEL,1,0,NV,0.9999782,2.1574151e-05,2.1439867e-07,False,MEL_as_NV
C:\SKIN CANCER v2\final DS\images\MEL\ISIC_0055081.jpg,MEL,1,2,BCC,0.0052484972,0.19470902,0.80004245,False,MEL_as_BCC
C:\SKIN CANCER v2\final DS\images\MEL\ISIC_0055136.jpg,MEL,1,0,NV,0.6600011,0.33992282,7.606105e-05,False,MEL_as_NV
C:\SKIN CANCER v2\final DS\images\MEL\ISIC_0055327.jpg,MEL,1,0,NV,0.99579525,0.00420444,3.2297268e-07,False,MEL_as_NV
C:\SKIN CANCER v2\final DS\images\MEL\ISIC_0055438.jpg,MEL,1,0,NV,0.6745244,0.3252618,0.00021382375,False,MEL_as_NV
C:\SKIN CANCER v2\final DS\images\MEL\ISIC_0055474.jpg,MEL,1,0,NV,0.7384853,0.26149258,2.2072181e-05,False,MEL_as_NV
C:\SKIN CANCER v2\final DS\images\MEL\ISIC_0055528.jpg,MEL,1,2,BCC,0.123110905,0.4333963,0.4434928,False,MEL_as_BCC
C:\SKIN CANCER v2\final DS\images\MEL\ISIC_0055714.jpg,MEL,1,0,NV,0.625495,0.37282386,0.0016811392,False,MEL_as_NV
C:\SKIN CANCER v2\final DS\images\MEL\ISIC_0055911.jpg,MEL,1,0,NV,0.924982,0.065331556,0.00968651,False,MEL_as_NV
C:\SKIN CANCER v2\final DS\images\MEL\ISIC_0055960.jpg,MEL,1,2,BCC,0.0071442476,0.0072043296,0.9856514,False,MEL_as_BCC
C:\SKIN CANCER v2\final DS\images\MEL\ISIC_0056089.jpg,MEL,1,0,NV,0.974766,0.024804711,0.00042927387,False,MEL_as_NV
C:\SKIN CANCER v2\final DS\images\MEL\ISIC_0056232.jpg,MEL,1,0,NV,0.9396992,0.060255773,4.498615e-05,False,MEL_as_NV
C:\SKIN CANCER v2\final DS\images\MEL\ISIC_0056425.jpg,MEL,1,0,NV,0.65582794,0.010437421,0.3337346,False,MEL_as_NV
C:\SKIN CANCER v2\final DS\images\MEL\ISIC_0056799.jpg,MEL,1,0,NV,0.571107,0.42417163,0.004721337,False,MEL_as_NV
C:\SKIN CANCER v2\final DS\images\MEL\ISIC_0057032.jpg,MEL,1,0,NV,0.9999211,7.8818935e-05,1.0392462e-07,False,MEL_as_NV
C:\SKIN CANCER v2\final DS\images\MEL\ISIC_0057534.jpg,MEL,1,0,NV,0.9644096,0.035337064,0.00025339596,False,MEL_as_NV
C:\SKIN CANCER v2\final DS\images\MEL\ISIC_0057845.jpg,MEL,1,0,NV,0.98706645,0.012927592,5.9940894e-06,False,MEL_as_NV
C:\SKIN CANCER v2\final DS\images\MEL\ISIC_0057864.jpg,MEL,1,0,NV,0.92004734,0.05800028,0.021952404,False,MEL_as_NV
C:\SKIN CANCER v2\final DS\images\MEL\ISIC_0057914.jpg,MEL,1,0,NV,0.8641186,0.06613909,0.069742374,False,MEL_as_NV
C:\SKIN CANCER v2\final DS\images\MEL\ISIC_0057973.jpg,MEL,1,0,NV,0.50521564,0.310193,0.18459132,False,MEL_as_NV
C:\SKIN CANCER v2\final DS\images\MEL\ISIC_0058046.jpg,MEL,1,0,NV,0.8175451,0.18238993,6.48643e-05,False,MEL_as_NV
C:\SKIN CANCER v2\final DS\images\MEL\ISIC_0058075.jpg,MEL,1,2,BCC,0.009637889,0.07502976,0.9153323,False,MEL_as_BCC
C:\SKIN CANCER v2\final DS\images\MEL\ISIC_0058168.jpg,MEL,1,0,NV,0.9946403,0.0053597335,4.9841777e-08,False,MEL_as_NV
C:\SKIN CANCER v2\final DS\images\MEL\ISIC_0058331.jpg,MEL,1,0,NV,0.98031497,0.0030338098,0.016651317,False,MEL_as_NV
C:\SKIN CANCER v2\final DS\images\MEL\ISIC_0058383.jpg,MEL,1,0,NV,0.93593705,0.063994825,6.817246e-05,False,MEL_as_NV
C:\SKIN CANCER v2\final DS\images\MEL\ISIC_0058599.jpg,MEL,1,2,BCC,0.00029614472,0.20140408,0.79829973,False,MEL_as_BCC
C:\SKIN CANCER v2\final DS\images\MEL\ISIC_0059178.jpg,MEL,1,0,NV,0.8748062,0.12519163,2.0520033e-06,False,MEL_as_NV
C:\SKIN CANCER v2\final DS\images\MEL\ISIC_0059209.jpg,MEL,1,2,BCC,0.45357242,0.0563941,0.49003345,False,MEL_as_BCC
C:\SKIN CANCER v2\final DS\images\MEL\ISIC_0059318.jpg,MEL,1,0,NV,0.92901266,0.070943564,4.3753902e-05,False,MEL_as_NV
C:\SKIN CANCER v2\final DS\images\MEL\ISIC_0059330.jpg,MEL,1,0,NV,0.9878499,0.012146052,4.059282e-06,False,MEL_as_NV
C:\SKIN CANCER v2\final DS\images\MEL\ISIC_0059423.jpg,MEL,1,0,NV,0.824835,0.17228307,0.0028819689,False,MEL_as_NV
C:\SKIN CANCER v2\final DS\images\MEL\ISIC_0059443.jpg,MEL,1,0,NV,0.9916893,0.008310319,2.98551e-07,False,MEL_as_NV
C:\SKIN CANCER v2\final DS\images\MEL\ISIC_0059738.jpg,MEL,1,2,BCC,0.008363054,0.4397092,0.5519277,False,MEL_as_BCC
C:\SKIN CANCER v2\final DS\images\MEL\ISIC_0059992.jpg,MEL,1,2,BCC,6.4129774e-05,0.002010733,0.99792516,False,MEL_as_BCC
C:\SKIN CANCER v2\final DS\images\MEL\ISIC_0060033.jpg,MEL,1,0,NV,0.9985763,0.0014226325,1.0180653e-06,False,MEL_as_NV
C:\SKIN CANCER v2\final DS\images\MEL\ISIC_0060150.jpg,MEL,1,2,BCC,0.0047022006,0.0035327298,0.9917651,False,MEL_as_BCC
C:\SKIN CANCER v2\final DS\images\MEL\ISIC_0060239.jpg,MEL,1,0,NV,0.72002566,0.27380452,0.0061697806,False,MEL_as_NV
C:\SKIN CANCER v2\final DS\images\MEL\ISIC_0060308.jpg,MEL,1,0,NV,0.89732283,0.09919926,0.003477888,False,MEL_as_NV
C:\SKIN CANCER v2\final DS\images\MEL\ISIC_0060326.jpg,MEL,1,0,NV,0.4177112,0.333462,0.24882677,False,MEL_as_NV
C:\SKIN CANCER v2\final DS\images\MEL\ISIC_0060525.jpg,MEL,1,0,NV,0.80394906,0.005280412,0.19077048,False,MEL_as_NV
C:\SKIN CANCER v2\final DS\images\MEL\ISIC_0061078.jpg,MEL,1,2,BCC,0.05527827,0.18055604,0.76416564,False,MEL_as_BCC
C:\SKIN CANCER v2\final DS\images\MEL\ISIC_0061629.jpg,MEL,1,0,NV,0.9875759,0.012419695,4.4147973e-06,False,MEL_as_NV
C:\SKIN CANCER v2\final DS\images\MEL\ISIC_0061945.jpg,MEL,1,2,BCC,0.014801685,0.26997435,0.7152239,False,MEL_as_BCC
C:\SKIN CANCER v2\final DS\images\MEL\ISIC_0062155.jpg,MEL,1,2,BCC,0.0037921674,0.09402796,0.90217984,False,MEL_as_BCC
C:\SKIN CANCER v2\final DS\images\MEL\ISIC_0062208.jpg,MEL,1,2,BCC,0.0065589114,0.35624376,0.6371974,False,MEL_as_BCC
C:\SKIN CANCER v2\final DS\images\MEL\ISIC_0062234.jpg,MEL,1,0,NV,0.92588234,0.07353569,0.00058196246,False,MEL_as_NV
C:\SKIN CANCER v2\final DS\images\MEL\ISIC_0062325.jpg,MEL,1,0,NV,0.8721297,0.12777168,9.862074e-05,False,MEL_as_NV
C:\SKIN CANCER v2\final DS\images\MEL\ISIC_0062364.jpg,MEL,1,2,BCC,0.006222725,0.0021718377,0.9916054,False,MEL_as_BCC
C:\SKIN CANCER v2\final DS\images\MEL\ISIC_0062389.jpg,MEL,1,0,NV,0.8376517,0.01755411,0.14479417,False,MEL_as_NV
C:\SKIN CANCER v2\final DS\images\MEL\ISIC_0062712.jpg,MEL,1,0,NV,0.6684995,0.33146846,3.200138e-05,False,MEL_as_NV
C:\SKIN CANCER v2\final DS\images\MEL\ISIC_0062734.jpg,MEL,1,0,NV,0.84794945,0.01841334,0.13363716,False,MEL_as_NV
C:\SKIN CANCER v2\final DS\images\MEL\ISIC_0063081.jpg,MEL,1,0,NV,0.90751994,0.0924759,4.1051812e-06,False,MEL_as_NV
C:\SKIN CANCER v2\final DS\images\MEL\ISIC_0063130.jpg,MEL,1,2,BCC,0.016173953,0.20938553,0.7744405,False,MEL_as_BCC
C:\SKIN CANCER v2\final DS\images\MEL\ISIC_0063143.jpg,MEL,1,0,NV,0.6213597,0.37862006,2.0204576e-05,False,MEL_as_NV
C:\SKIN CANCER v2\final DS\images\MEL\ISIC_0063266.jpg,MEL,1,0,NV,0.98509085,0.013623376,0.0012857089,False,MEL_as_NV
C:\SKIN CANCER v2\final DS\images\MEL\ISIC_0063349.jpg,MEL,1,0,NV,0.9990158,0.0009828388,1.2751323e-06,False,MEL_as_NV
C:\SKIN CANCER v2\final DS\images\MEL\ISIC_0064023.jpg,MEL,1,0,NV,0.9060646,0.09392089,1.4432623e-05,False,MEL_as_NV
C:\SKIN CANCER v2\final DS\images\MEL\ISIC_0064072.jpg,MEL,1,0,NV,0.9269232,0.07306442,1.2411062e-05,False,MEL_as_NV
C:\SKIN CANCER v2\final DS\images\MEL\ISIC_0064393.jpg,MEL,1,2,BCC,0.053487357,0.114778146,0.8317345,False,MEL_as_BCC
C:\SKIN CANCER v2\final DS\images\MEL\ISIC_0064455.jpg,MEL,1,0,NV,0.67525685,0.32448027,0.00026283972,False,MEL_as_NV
C:\SKIN CANCER v2\final DS\images\MEL\ISIC_0064472.jpg,MEL,1,0,NV,0.8223558,0.1776195,2.4689218e-05,False,MEL_as_NV
C:\SKIN CANCER v2\final DS\images\MEL\ISIC_0064517.jpg,MEL,1,0,NV,0.97109115,0.027709479,0.0011993541,False,MEL_as_NV
C:\SKIN CANCER v2\final DS\images\MEL\ISIC_0064672.jpg,MEL,1,0,NV,0.68783855,0.3080158,0.0041456576,False,MEL_as_NV
C:\SKIN CANCER v2\final DS\images\MEL\ISIC_0064800.jpg,MEL,1,2,BCC,0.003999179,0.06793649,0.9280643,False,MEL_as_BCC
C:\SKIN CANCER v2\final DS\images\MEL\ISIC_0066001.jpg,MEL,1,0,NV,0.7200717,0.27990046,2.7878925e-05,False,MEL_as_NV
C:\SKIN CANCER v2\final DS\images\MEL\ISIC_0066094.jpg,MEL,1,0,NV,0.9163398,0.08336029,0.00029987312,False,MEL_as_NV
C:\SKIN CANCER v2\final DS\images\MEL\ISIC_0066332.jpg,MEL,1,0,NV,0.55587775,0.40573755,0.038384747,False,MEL_as_NV
C:\SKIN CANCER v2\final DS\images\MEL\ISIC_0066376.jpg,MEL,1,0,NV,0.9085025,0.09133219,0.00016524471,False,MEL_as_NV
C:\SKIN CANCER v2\final DS\images\MEL\ISIC_0066564.jpg,MEL,1,2,BCC,0.00043383232,0.32671618,0.67284995,False,MEL_as_BCC
C:\SKIN CANCER v2\final DS\images\MEL\ISIC_0066593.jpg,MEL,1,0,NV,0.98438925,0.015435253,0.00017545639,False,MEL_as_NV
C:\SKIN CANCER v2\final DS\images\MEL\ISIC_0066792.jpg,MEL,1,0,NV,0.91602093,0.07630734,0.007671705,False,MEL_as_NV
C:\SKIN CANCER v2\final DS\images\MEL\ISIC_0066854.jpg,MEL,1,0,NV,0.58938915,0.3948985,0.015712349,False,MEL_as_NV
C:\SKIN CANCER v2\final DS\images\MEL\ISIC_0067009.jpg,MEL,1,0,NV,0.98903066,0.010914108,5.5163775e-05,False,MEL_as_NV
C:\SKIN CANCER v2\final DS\images\MEL\ISIC_0067200.jpg,MEL,1,2,BCC,0.016235026,0.007050939,0.976714,False,MEL_as_BCC
C:\SKIN CANCER v2\final DS\images\MEL\ISIC_0067417.jpg,MEL,1,0,NV,0.974841,0.02222803,0.002930947,False,MEL_as_NV
C:\SKIN CANCER v2\final DS\images\MEL\ISIC_0067667.jpg,MEL,1,2,BCC,0.0020173488,0.21782984,0.78015274,False,MEL_as_BCC
C:\SKIN CANCER v2\final DS\images\MEL\ISIC_0067697.jpg,MEL,1,0,NV,0.930949,0.0690281,2.2992397e-05,False,MEL_as_NV
C:\SKIN CANCER v2\final DS\images\MEL\ISIC_0067845.jpg,MEL,1,2,BCC,0.0002528929,0.03198186,0.9677653,False,MEL_as_BCC
C:\SKIN CANCER v2\final DS\images\MEL\ISIC_0068273.jpg,MEL,1,2,BCC,0.015659329,0.0077616647,0.97657907,False,MEL_as_BCC
C:\SKIN CANCER v2\final DS\images\MEL\ISIC_0068315.jpg,MEL,1,2,BCC,0.00010844986,0.0007178904,0.9991737,False,MEL_as_BCC
C:\SKIN CANCER v2\final DS\images\MEL\ISIC_0068628.jpg,MEL,1,0,NV,0.9832818,0.01669238,2.5832489e-05,False,MEL_as_NV
C:\SKIN CANCER v2\final DS\images\MEL\ISIC_0068721.jpg,MEL,1,0,NV,0.5776363,0.4024263,0.019937422,False,MEL_as_NV
C:\SKIN CANCER v2\final DS\images\MEL\ISIC_0068900.jpg,MEL,1,2,BCC,0.008118408,0.12232063,0.8695609,False,MEL_as_BCC
C:\SKIN CANCER v2\final DS\images\MEL\ISIC_0068907.jpg,MEL,1,2,BCC,0.0008904403,0.00931415,0.9897954,False,MEL_as_BCC
C:\SKIN CANCER v2\final DS\images\MEL\ISIC_0069264.jpg,MEL,1,2,BCC,0.00041541574,0.41055366,0.58903086,False,MEL_as_BCC
C:\SKIN CANCER v2\final DS\images\MEL\ISIC_0069536.jpg,MEL,1,0,NV,0.9973827,0.0025917243,2.562062e-05,False,MEL_as_NV
C:\SKIN CANCER v2\final DS\images\MEL\ISIC_0069671.jpg,MEL,1,2,BCC,0.0011224527,0.00064015866,0.9982374,False,MEL_as_BCC
C:\SKIN CANCER v2\final DS\images\MEL\ISIC_0069908.jpg,MEL,1,0,NV,0.7725902,0.19064926,0.036760524,False,MEL_as_NV
C:\SKIN CANCER v2\final DS\images\MEL\ISIC_0069933.jpg,MEL,1,2,BCC,0.017921349,0.027737446,0.9543411,False,MEL_as_BCC
C:\SKIN CANCER v2\final DS\images\MEL\ISIC_0070065.jpg,MEL,1,2,BCC,6.172682e-05,0.00082492834,0.9991134,False,MEL_as_BCC
C:\SKIN CANCER v2\final DS\images\MEL\ISIC_0070123.jpg,MEL,1,0,NV,0.9570861,0.0429135,2.9295472e-07,False,MEL_as_NV
C:\SKIN CANCER v2\final DS\images\MEL\ISIC_0070163.jpg,MEL,1,2,BCC,0.027506424,0.36928332,0.6032103,False,MEL_as_BCC
C:\SKIN CANCER v2\final DS\images\MEL\ISIC_0070521.jpg,MEL,1,0,NV,0.7763898,0.22360064,9.609096e-06,False,MEL_as_NV
C:\SKIN CANCER v2\final DS\images\MEL\ISIC_0070601.jpg,MEL,1,0,NV,0.93969834,0.060300905,7.6294623e-07,False,MEL_as_NV
C:\SKIN CANCER v2\final DS\images\MEL\ISIC_0070794.jpg,MEL,1,0,NV,0.9592855,0.040497143,0.00021735765,False,MEL_as_NV
C:\SKIN CANCER v2\final DS\images\MEL\ISIC_0070822.jpg,MEL,1,2,BCC,0.012515369,0.11683618,0.8706485,False,MEL_as_BCC
C:\SKIN CANCER v2\final DS\images\MEL\ISIC_0070961.jpg,MEL,1,0,NV,0.70489675,0.2850385,0.010064751,False,MEL_as_NV
C:\SKIN CANCER v2\final DS\images\MEL\ISIC_0071559.jpg,MEL,1,0,NV,0.7474408,0.0087203225,0.24383885,False,MEL_as_NV
C:\SKIN CANCER v2\final DS\images\MEL\ISIC_0071681.jpg,MEL,1,0,NV,0.9979526,0.0020449306,2.4813762e-06,False,MEL_as_NV
C:\SKIN CANCER v2\final DS\images\MEL\ISIC_0071916.jpg,MEL,1,0,NV,0.76001847,0.23722857,0.0027529781,False,MEL_as_NV
C:\SKIN CANCER v2\final DS\images\MEL\ISIC_0072195.jpg,MEL,1,0,NV,0.61029786,0.38911155,0.0005905847,False,MEL_as_NV
C:\SKIN CANCER v2\final DS\images\MEL\ISIC_0072287.jpg,MEL,1,2,BCC,0.0042562443,0.00375232,0.99199146,False,MEL_as_BCC
C:\SKIN CANCER v2\final DS\images\MEL\ISIC_0072429.jpg,MEL,1,0,NV,0.92795825,0.06985101,0.0021907564,False,MEL_as_NV
C:\SKIN CANCER v2\final DS\images\MEL\ISIC_0072439.jpg,MEL,1,0,NV,0.723415,0.2745672,0.0020178205,False,MEL_as_NV
C:\SKIN CANCER v2\final DS\images\MEL\ISIC_0072495.jpg,MEL,1,2,BCC,0.0009827383,0.09764477,0.9013725,False,MEL_as_BCC
C:\SKIN CANCER v2\final DS\images\MEL\ISIC_0072531.jpg,MEL,1,2,BCC,0.05319417,0.29959697,0.6472088,False,MEL_as_BCC
C:\SKIN CANCER v2\final DS\images\MEL\ISIC_0072641.jpg,MEL,1,2,BCC,0.024622904,0.21070105,0.76467603,False,MEL_as_BCC
C:\SKIN CANCER v2\final DS\images\MEL\ISIC_0073119.jpg,MEL,1,0,NV,0.79988015,0.114556015,0.085563794,False,MEL_as_NV
C:\SKIN CANCER v2\final DS\images\MEL\ISIC_0073127.jpg,MEL,1,0,NV,0.9886092,0.011386361,4.4783915e-06,False,MEL_as_NV
C:\SKIN CANCER v2\final DS\images\BCC\ISIC_0025383.jpg,BCC,2,1,MEL,0.042306367,0.6611696,0.29652405,False,BCC_as_MEL
C:\SKIN CANCER v2\final DS\images\BCC\ISIC_0027609.jpg,BCC,2,1,MEL,0.0038078397,0.9219804,0.07421183,False,BCC_as_MEL
C:\SKIN CANCER v2\final DS\images\BCC\ISIC_0029515.jpg,BCC,2,1,MEL,3.9928153e-05,0.6671504,0.33280972,False,BCC_as_MEL
C:\SKIN CANCER v2\final DS\images\BCC\ISIC_0030737.jpg,BCC,2,0,NV,0.7127043,0.18572833,0.10156738,False,BCC_as_NV
C:\SKIN CANCER v2\final DS\images\BCC\ISIC_0053504.jpg,BCC,2,1,MEL,0.00012906296,0.9457309,0.054139994,False,BCC_as_MEL
C:\SKIN CANCER v2\final DS\images\BCC\ISIC_0054552.jpg,BCC,2,1,MEL,0.12684692,0.8128466,0.060306396,False,BCC_as_MEL
C:\SKIN CANCER v2\final DS\images\BCC\ISIC_0054917.jpg,BCC,2,0,NV,0.61415684,0.34059864,0.045244507,False,BCC_as_NV
C:\SKIN CANCER v2\final DS\images\BCC\ISIC_0054929.jpg,BCC,2,1,MEL,6.009628e-05,0.99948883,0.00045109066,False,BCC_as_MEL
C:\SKIN CANCER v2\final DS\images\BCC\ISIC_0054975.jpg,BCC,2,0,NV,0.50295717,0.061114103,0.43592873,False,BCC_as_NV
C:\SKIN CANCER v2\final DS\images\BCC\ISIC_0055089.jpg,BCC,2,1,MEL,5.153974e-05,0.9994148,0.0005336542,False,BCC_as_MEL
C:\SKIN CANCER v2\final DS\images\BCC\ISIC_0056095.jpg,BCC,2,0,NV,0.56658524,0.036053143,0.39736155,False,BCC_as_NV
C:\SKIN CANCER v2\final DS\images\BCC\ISIC_0056265.jpg,BCC,2,0,NV,0.49914804,0.31463584,0.18621613,False,BCC_as_NV
C:\SKIN CANCER v2\final DS\images\BCC\ISIC_0056681.jpg,BCC,2,1,MEL,0.0007709057,0.9964665,0.0027625838,False,BCC_as_MEL
C:\SKIN CANCER v2\final DS\images\BCC\ISIC_0057662.jpg,BCC,2,1,MEL,0.0033964182,0.9965802,2.3398514e-05,False,BCC_as_MEL
C:\SKIN CANCER v2\final DS\images\BCC\ISIC_0057901.jpg,BCC,2,0,NV,0.5177048,1.1083095e-05,0.4822841,False,BCC_as_NV
C:\SKIN CANCER v2\final DS\images\BCC\ISIC_0058898.jpg,BCC,2,0,NV,0.61103404,0.33483535,0.05413062,False,BCC_as_NV
C:\SKIN CANCER v2\final DS\images\BCC\ISIC_0060738.jpg,BCC,2,0,NV,0.9304775,0.027426152,0.04209638,False,BCC_as_NV
C:\SKIN CANCER v2\final DS\images\BCC\ISIC_0060823.jpg,BCC,2,1,MEL,0.0024976619,0.92944837,0.068054,False,BCC_as_MEL
C:\SKIN CANCER v2\final DS\images\BCC\ISIC_0061400.jpg,BCC,2,1,MEL,0.044134844,0.56832874,0.3875364,False,BCC_as_MEL
C:\SKIN CANCER v2\final DS\images\BCC\ISIC_0061430.jpg,BCC,2,1,MEL,0.003849965,0.98469377,0.011456259,False,BCC_as_MEL
C:\SKIN CANCER v2\final DS\images\BCC\ISIC_0061908.jpg,BCC,2,0,NV,0.8981807,0.01012773,0.091691606,False,BCC_as_NV
C:\SKIN CANCER v2\final DS\images\BCC\ISIC_0062473.jpg,BCC,2,1,MEL,0.0042285044,0.8475146,0.1482569,False,BCC_as_MEL
C:\SKIN CANCER v2\final DS\images\BCC\ISIC_0062902.jpg,BCC,2,1,MEL,9.305566e-05,0.9978277,0.0020791814,False,BCC_as_MEL
C:\SKIN CANCER v2\final DS\images\BCC\ISIC_0062965.jpg,BCC,2,0,NV,0.9941968,0.0051198,0.0006833594,False,BCC_as_NV
C:\SKIN CANCER v2\final DS\images\BCC\ISIC_0063301.jpg,BCC,2,1,MEL,0.15961719,0.6405671,0.19981566,False,BCC_as_MEL
C:\SKIN CANCER v2\final DS\images\BCC\ISIC_0063808.jpg,BCC,2,0,NV,0.4775109,0.1588838,0.36360532,False,BCC_as_NV
C:\SKIN CANCER v2\final DS\images\BCC\ISIC_0063942.jpg,BCC,2,1,MEL,0.00025785193,0.9911212,0.008620936,False,BCC_as_MEL
C:\SKIN CANCER v2\final DS\images\BCC\ISIC_0064556.jpg,BCC,2,1,MEL,0.0004424967,0.99734205,0.0022154753,False,BCC_as_MEL
C:\SKIN CANCER v2\final DS\images\BCC\ISIC_0064578.jpg,BCC,2,0,NV,0.85382795,0.00040582707,0.14576617,False,BCC_as_NV
C:\SKIN CANCER v2\final DS\images\BCC\ISIC_0065664.jpg,BCC,2,1,MEL,0.06647314,0.5440065,0.38952038,False,BCC_as_MEL
C:\SKIN CANCER v2\final DS\images\BCC\ISIC_0066103.jpg,BCC,2,0,NV,0.9989548,0.000910617,0.00013456847,False,BCC_as_NV
C:\SKIN CANCER v2\final DS\images\BCC\ISIC_0066155.jpg,BCC,2,1,MEL,0.11397583,0.7973832,0.08864102,False,BCC_as_MEL
C:\SKIN CANCER v2\final DS\images\BCC\ISIC_0067409.jpg,BCC,2,1,MEL,0.031523906,0.61368954,0.35478663,False,BCC_as_MEL
C:\SKIN CANCER v2\final DS\images\BCC\ISIC_0067815.jpg,BCC,2,0,NV,0.7223909,0.009958541,0.26765063,False,BCC_as_NV
C:\SKIN CANCER v2\final DS\images\BCC\ISIC_0068033.jpg,BCC,2,0,NV,0.77138364,0.037482705,0.19113372,False,BCC_as_NV
C:\SKIN CANCER v2\final DS\images\BCC\ISIC_0068260.jpg,BCC,2,1,MEL,0.0006245032,0.8284815,0.17089397,False,BCC_as_MEL
C:\SKIN CANCER v2\final DS\images\BCC\ISIC_0068832.jpg,BCC,2,1,MEL,0.0068004522,0.8016399,0.19155966,False,BCC_as_MEL
C:\SKIN CANCER v2\final DS\images\BCC\ISIC_0068969.jpg,BCC,2,0,NV,0.9971059,0.0026091058,0.00028508756,False,BCC_as_NV
C:\SKIN CANCER v2\final DS\images\BCC\ISIC_0069522.jpg,BCC,2,1,MEL,0.0029637155,0.7249462,0.2720901,False,BCC_as_MEL
C:\SKIN CANCER v2\final DS\images\BCC\ISIC_0069792.jpg,BCC,2,0,NV,0.55332786,0.005614366,0.44105783,False,BCC_as_NV
C:\SKIN CANCER v2\final DS\images\BCC\ISIC_0071345.jpg,BCC,2,1,MEL,0.036014844,0.6709569,0.2930282,False,BCC_as_MEL
C:\SKIN CANCER v2\final DS\images\BCC\ISIC_0071955.jpg,BCC,2,1,MEL,0.00037012788,0.87851816,0.121111706,False,BCC_as_MEL
C:\SKIN CANCER v2\final DS\images\BCC\ISIC_0072450.jpg,BCC,2,0,NV,0.5250314,0.0028587277,0.47210988,False,BCC_as_NV
C:\SKIN CANCER v2\final DS\images\BCC\ISIC_0072515.jpg,BCC,2,1,MEL,0.0003925214,0.9938344,0.0057731173,False,BCC_as_MEL
